n,X_n
1,2.58214260921686
2,1.88763657127387
3,1.8518149797561
4,2.59873215448649
5,2.31119416317691
6,2.42886683643281
7,2.40431407786146
8,2.3347143361228
9,2.1938802392545
10,2.09162427062069
11,2.00712214642194
12,2.10653852017838
13,2.46569002014601
14,2.3669427480924
15,2.2835660812305
16,2.23749797789922
17,2.18362210630726
18,2.1223362576551
19,2.06433262479859
20,2.07955879101492
21,2.0936807704122
22,2.0464200225008
23,2.00406776897638
24,1.97341861231828
25,1.98138005327562
26,1.94500660283726
27,1.9430287398112
28,1.95961089144436
29,1.95041530638135
30,1.92508405427836
31,1.95396973437545
32,1.94704225429117
33,1.94057763894908
34,1.91692596002628
35,1.89597572799347
36,1.87930438533007
37,1.88649882931455
38,1.88559725755115
39,1.88856599855439
40,1.87993996601456
41,1.8652873248854
42,1.85180471718946
43,1.83661015438296
44,1.82307385213527
45,1.82962897082659
46,1.82642207088187
47,1.81080389864303
48,1.80218203641213
49,1.8040444540978
50,1.79277772151513
51,1.86107495271491
52,1.84568186158515
53,1.85902473779445
54,1.84375729977464
55,1.84500664748856
56,1.83781679200615
57,1.85243052221225
58,1.85796844374214
59,1.84697268204285
60,1.85228895167137
61,1.83998214421269
62,1.85090776105829
63,1.83808706985517
64,1.85838761327693
65,1.8721683765608
66,1.85987619000113
67,1.8509497526222
68,1.84074793767337
69,1.83285692146168
70,1.84538571830796
71,1.83939709728943
72,1.82979818102646
73,1.82345975898362
74,1.81241002507576
75,1.8038361069507
76,1.85896090435887
77,1.86068383635108
78,1.85915905127893
79,1.86071077570874
80,1.85688637606348
81,1.93201298753376
82,1.92066651082753
83,1.90986650878732
84,1.90488371810641
85,1.89744527342379
86,1.89346012034202
87,2.05122031340436
88,2.04309544214199
89,2.03259011797747
90,2.02249141072375
91,2.0503260786048
92,2.04453403769949
93,2.0365801261795
94,2.03522297200562
95,2.03799321431098
96,2.02960241699851
97,2.02037819953191
98,2.0108287843288
99,2.00513571921973
100,2.00060222796418
101,1.99708193932554
102,2.00078761552075
103,1.99128231956148
104,1.98869049494148
105,1.98656165426125
106,1.99695453459737
107,1.98951354042547
108,1.99656825860142
109,1.99068182504494
110,1.98447398814904
111,1.9845638409612
112,1.9822155670639
113,1.9776340970922
114,1.9725774418852
115,1.97037064485253
116,1.9664325821472
117,1.96150413267164
118,1.95344336852388
119,1.95232327011153
120,1.95503759535454
121,1.94772875709273
122,1.94414826294033
123,1.9497666470639
124,1.94392921350152
125,1.93815282165285
126,1.93145438568419
127,1.94041266320934
128,1.93347203642333
129,1.92638053942694
130,1.91975627997949
131,1.91453932972449
132,1.9093430515952
133,1.90359443837249
134,1.90050410673897
135,1.90095731776561
136,1.89777173831663
137,1.89144912293089
138,1.89486243008188
139,1.89448264653257
140,1.90642868512899
141,1.90081344807495
142,1.91410712377644
143,1.91748951133661
144,1.91254250376212
145,1.90749826144086
146,1.92591732817296
147,1.9224201820064
148,1.91796453985007
149,1.91399123355372
150,1.91169843576358
151,1.90633692867727
152,1.90148175512341
153,1.89923995450795
154,1.89452722280109
155,1.88983711332236
156,1.88604017400096
157,1.92064269478593
158,1.91949577525777
159,1.91418950482062
160,1.9085603965356
161,1.90348391242398
162,1.89885459884376
163,1.89468642858531
164,1.89077954279077
165,1.88577302135954
166,1.89063747482898
167,1.88639936489156
168,1.88505275502893
169,1.87989266588449
170,1.8760385281046
171,1.87272658492101
172,1.87456155543463
173,1.87280838641334
174,1.86877761924745
175,1.86606024905456
176,1.86457897752589
177,1.87052296894807
178,1.87298744422083
179,1.86885278995439
180,1.8668964580146
181,1.86274741564221
182,1.86011079971771
183,1.855480369702
184,1.85399134626261
185,1.84996193328533
186,1.84607329944408
187,1.84483715872188
188,1.8792332644214
189,1.87903395268928
190,1.87583520580249
191,1.87400576490181
192,1.87086718970561
193,1.86837585959118
194,1.86417669397608
195,1.86432816453737
196,1.86522832903955
197,1.86286610125448
198,1.86782562176346
199,1.86349693559663
200,1.86665126570042
201,1.86253384407184
202,1.86196844135825
203,1.86120339760672
204,1.86597792265555
205,1.86198536708805
206,1.85953623831423
207,1.85597338946876
208,1.86362885912393
209,1.85981212218382
210,1.85736920996806
211,1.85924811351451
212,1.85709395629866
213,1.85307600259197
214,1.871263083781
215,1.86931971072886
216,1.86553888007383
217,1.86271259384235
218,1.87011262121986
219,1.86994886421591
220,1.86738295786334
221,1.86459149203855
222,1.86481726173488
223,1.8611540407923
224,1.86452264623016
225,1.86524182305915
226,1.86259081885501
227,1.86200831235124
228,1.86126841953644
229,1.86112887235667
230,1.85811390824422
231,1.85460011761338
232,1.86089768004089
233,1.86265815070168
234,1.86039470668535
235,1.85680104725944
236,1.86735776681147
237,1.86397263940309
238,1.86361548529625
239,1.86248492455072
240,1.85959114655027
241,1.85757313836441
242,1.85655551688047
243,1.85505507459797
244,1.85179038742589
245,1.84997098741496
246,1.85768071407232
247,1.87148087645436
248,1.86996233663689
249,1.88674431415348
250,1.90221499191459
251,1.89892761349498
252,1.89738743512073
253,1.89595778690578
254,1.89509690795358
255,1.89166488181902
256,1.8890124803726
257,1.88621588711879
258,1.8836720814899
259,1.8808437087486
260,1.87932810162658
261,1.89159135379584
262,1.89477292141071
263,1.89241669281651
264,1.89380336366185
265,1.89230812107827
266,1.89358079663818
267,1.89183361599746
268,1.88866657039828
269,1.88756344091206
270,1.8995531756155
271,1.89757534062411
272,1.89542951269115
273,1.89509343785414
274,1.89296876571208
275,1.89860721480051
276,1.89693992916437
277,1.89439446935618
278,1.89202395716883
279,1.89584329311892
280,1.89744030210587
281,1.89519690300087
282,1.89669978097972
283,1.89439179648154
284,1.89124387125138
285,1.88820360625792
286,1.88585044727997
287,1.88365447742183
288,1.88075261053269
289,1.88142485142553
290,1.87911190972517
291,1.87627472236705
292,1.87354400139647
293,1.87170373101614
294,1.86947874201416
295,1.87107066084614
296,1.86814664896765
297,1.86551262809889
298,1.8639750129266
299,1.86128491148054
300,1.85916723910157
301,1.85658103183067
302,1.86140761658474
303,1.8591592317311
304,1.85667316232619
305,1.85402319278843
306,1.85259947413197
307,1.8522726880815
308,1.85059017716225
309,1.84912952788209
310,1.84718788957604
311,1.84454473367442
312,1.84550097355872
313,1.84891931103716
314,1.84665458259619
315,1.84614063593436
316,1.84586022308682
317,1.84392806168684
318,1.84292998104659
319,1.84067589467745
320,1.83953123466045
321,1.83884523515039
322,1.83862266334666
323,1.8380323264969
324,1.83827883587364
325,1.83575224287418
326,1.83441996401437
327,1.83370074163352
328,1.83216347165284
329,1.83194532080727
330,1.83005275024815
331,1.83408997155687
332,1.83356588350274
333,1.83290885797487
334,1.83157978061146
335,1.91568737297171
336,1.91648343448097
337,1.91941216894946
338,1.91774796797366
339,1.91534456055661
340,1.91900956478928
341,1.9165610411695
342,1.92429573942162
343,1.92521773087539
344,1.92265513191497
345,1.92142267376014
346,1.92764797112383
347,1.92504930053302
348,1.92546015035441
349,1.9230709683165
350,1.92316188771672
351,1.92054103440659
352,1.92203252406217
353,1.91954921523388
354,1.91709235160444
355,1.92281404847632
356,1.92070061706101
357,1.92004107952967
358,1.91768531944191
359,1.91955538718147
360,1.91998293505217
361,1.9181671774274
362,1.91612659114904
363,1.91412170467564
364,1.91287616380646
365,1.91150777050489
366,1.90997293369496
367,1.90795224842128
368,1.90565204396543
369,1.91085779513761
370,1.90842117601432
371,1.90729334500657
372,1.90625182131715
373,1.90446319567712
374,1.90207783464138
375,1.903682697362
376,1.90195593320487
377,1.89968060419407
378,1.89864177166601
379,1.89679861394178
380,1.89556532817939
381,1.89755071496303
382,1.89593877560009
383,1.89371163525393
384,1.89441846320135
385,1.89250057580555
386,1.89103588343051
387,1.8894346141143
388,1.88914038488533
389,1.89365163402195
390,1.89263291042067
391,1.89052389599308
392,1.89398823316006
393,1.89421966225395
394,1.89212840065826
395,1.8917805715184
396,1.89089302303438
397,1.88875125706372
398,1.89375367394517
399,1.89157309210124
400,1.88965860710844
401,1.89732372983015
402,1.89541217504488
403,1.89757869146469
404,1.8968831450769
405,1.89810201726788
406,1.89809374958262
407,1.8961181860519
408,1.89440294032497
409,2.16858304106123
410,2.16592763012822
411,2.16329090177538
412,2.16147318264652
413,2.16501210791372
414,2.16264019508358
415,2.16135913436897
416,2.15971533683024
417,2.15865680657451
418,2.15661024347238
419,2.15524813553853
420,2.1556997630267
421,2.15299281152273
422,2.15055855765221
423,2.14924157040707
424,2.14656170751218
425,2.14468099393793
426,2.1450815418181
427,2.14368107402257
428,2.14152723741732
429,2.14018462434998
430,2.13952772293078
431,2.13689178415459
432,2.13437911272526
433,2.13536184443356
434,2.13317352531894
435,2.1316089736635
436,2.13079714592096
437,2.12826179354098
438,2.12733610403461
439,2.12513712959509
440,2.12317275264718
441,2.12469006172051
442,2.12372090509226
443,2.12134111069447
444,2.11932408407014
445,2.11774724864318
446,2.116082562336
447,2.1140850098731
448,2.11230958001387
449,2.11037570805229
450,2.11105260270212
451,2.10880111486898
452,2.10868635614545
453,2.10780585071678
454,2.10727857159931
455,2.10519067460848
456,2.10629734544714
457,2.10527666682468
458,2.10420982649417
459,2.10373679888861
460,2.10732520227365
461,2.10529709036374
462,2.10309140543377
463,2.10126028322825
464,2.09889224175669
465,2.09915035788679
466,2.09689932352027
467,2.09499318390044
468,2.09854499795378
469,2.09751763190961
470,2.09535203692758
471,2.10689332173487
472,2.10471863364006
473,2.10297764383586
474,2.10108765313699
475,2.10014342835434
476,2.0979063229486
477,2.09695122470045
478,2.09573087491375
479,2.09494071917632
480,2.09335995072246
481,2.09115793210132
482,2.11423423996097
483,2.11318545002365
484,2.11228963453199
485,2.11039646529902
486,2.11115974644396
487,2.10894206006282
488,2.10729309194202
489,2.10724191956419
490,2.10603651419083
491,2.10475212264135
492,2.10260325087228
493,2.10235895031963
494,2.10445170045992
495,2.10310377246427
496,2.1019700714593
497,2.10060736560837
498,2.09922348104377
499,2.09717553349807
500,2.09502269996602
501,2.09285358040369
502,2.09225768807561
503,2.09023972870156
504,2.0881251993224
505,2.08840299124515
506,2.08994958580775
507,2.09414730193032
508,2.0921994357166
509,2.09025003688013
510,2.08871365704155
511,2.09023434020856
512,2.09009934116854
513,2.08832605645156
514,2.08843076690608
515,2.08809069782851
516,2.08734512860419
517,2.0858341099566
518,2.08388159280756
519,2.08219308678837
520,2.08022567850683
521,2.09188863034918
522,2.09741718962002
523,2.09684749432475
524,2.10012122749937
525,2.10513880881361
526,2.10475528116007
527,2.10283106279882
528,2.10464651368274
529,2.10287970350395
530,2.10228020419459
531,2.10027490093578
532,2.10146467046105
533,2.10130563007797
534,2.10402688271199
535,2.10224363793142
536,2.10109138129598
537,2.10051589665216
538,2.10448523346458
539,2.10273744835241
540,2.10095858264923
541,2.09929370013387
542,2.09730893025812
543,2.09694442702784
544,2.09546407784253
545,2.09515436275216
546,2.09363096083623
547,2.09453656076346
548,2.09311879269384
549,2.09176526104004
550,2.090645693803
551,2.08870243530924
552,2.09056952656681
553,2.09015755315175
554,2.08921367497713
555,2.09186913260223
556,2.11808115500951
557,2.11652768149356
558,2.11464349003444
559,2.11469420773238
560,2.11330197361008
561,2.11231495560955
562,2.11057125166407
563,2.10885609965504
564,2.1069062990711
565,2.10581722046585
566,2.10470702188661
567,2.10542751050997
568,2.10365212328603
569,2.10740106004909
570,2.11074555539678
571,2.11003888291321
572,2.11487932335841
573,2.11932191962596
574,2.12124400187281
575,2.12013888081348
576,2.12058853733209
577,2.11923724691063
578,2.12856884928236
579,2.13376643805013
580,2.13241663180262
581,2.13072248873301
582,2.12890637280498
583,2.12713189924592
584,2.12710324752538
585,2.12616009335598
586,2.12640425950481
587,2.12466047681805
588,2.12346611129061
589,2.12242244594113
590,2.12057439794316
591,2.11895418980992
592,2.11787984926059
593,2.11625311342938
594,2.11574291861709
595,2.1147899154108
596,2.11356264953635
597,2.11410056529175
598,2.11516511639108
599,2.11384208181313
600,2.11265238372109
601,2.11088829053451
602,2.1091090399564
603,2.11016739655338
604,2.10896776452797
605,2.10735426137543
606,2.10571928799884
607,2.10553932619038
608,2.1037587236015
609,2.10545932934182
610,2.10420617974672
611,2.10272863121957
612,2.10209791740007
613,2.10463527719428
614,2.10326558125265
615,2.10204687186755
616,2.10116320133466
617,2.09982317011979
618,2.09828788545924
619,2.0968196767862
620,2.0951778163272
621,2.09440284877194
622,2.0931061509459
623,2.09399947612235
624,2.09344179643648
625,2.09682290545773
626,2.09524749006261
627,2.0938065070852
628,2.09219449348041
629,2.09052251037328
630,2.08982399447398
631,2.08809731682722
632,2.08658701834108
633,2.08735448394967
634,2.08626795145089
635,2.08481397814085
636,2.0843611037336
637,2.0845634654693
638,2.08526029144093
639,2.08514647580798
640,2.08440264950253
641,2.08332680904577
642,2.08203491944599
643,2.08576782714475
644,2.08420772279422
645,2.08493717352711
646,2.08372954341886
647,2.08234572136672
648,2.08079680118062
649,2.08052946645657
650,2.07894626914764
651,2.07808435357063
652,2.07965427001117
653,2.07867192051585
654,2.07753858762797
655,2.07753617503721
656,2.07632405499699
657,2.08154038617341
658,2.08051052362277
659,2.07906610616128
660,2.07810396641384
661,2.07692032798253
662,2.07618870447857
663,2.07495588808951
664,2.07596896804228
665,2.07584728698665
666,2.07436966535238
667,2.07568049090423
668,2.0744876609951
669,2.07366021962115
670,2.07281187875167
671,2.07172481218871
672,2.07432576832944
673,2.07420706330144
674,2.07333146909794
675,2.07177939267046
676,2.07272649349519
677,2.0729236057745
678,2.07348568497854
679,2.07193826335923
680,2.07623660940013
681,2.07483438152004
682,2.07352016581086
683,2.072187055475
684,2.07421961463183
685,2.07296583373857
686,2.07176922252887
687,2.07113180647551
688,2.07345887833452
689,2.07195172490818
690,2.08062821631289
691,2.08395377796586
692,2.08414369951058
693,2.08260945681101
694,2.081537103172
695,2.08063457820093
696,2.08033435610231
697,2.07909699512692
698,2.07794782836451
699,2.07671995044008
700,2.07701898322673
701,2.0773416383804
702,2.07608961159231
703,2.07476937699059
704,2.07413108384329
705,2.07772312809906
706,2.07628016835894
707,2.07950163730849
708,2.07801946661393
709,2.07726704382997
710,2.07633756357427
711,2.07571505194178
712,2.07438459317142
713,2.07383855580427
714,2.07236898844934
715,2.07087494113222
716,2.0697931746267
717,2.0738134875123
718,2.07459628586683
719,2.07393353693469
720,2.07277863955096
721,2.07306441953191
722,2.07196650214127
723,2.07083739160118
724,2.06948885462484
725,2.06816168023817
726,2.06830707245429
727,2.06715654408801
728,2.06576141700145
729,2.06460524455867
730,2.06386951561632
731,2.06317726805705
732,2.06180282461385
733,2.06099921708658
734,2.06169039012743
735,2.06041540354032
736,2.05964423192319
737,2.05899286749303
738,2.05868649465048
739,2.05732885558644
740,2.05945896926276
741,2.05830901454051
742,2.05707592926161
743,2.05620690711227
744,2.06547945043247
745,2.06609499294848
746,2.06513443779172
747,2.06405019364628
748,2.06526043908917
749,2.06388848132297
750,2.06272051794793
751,2.06159771883529
752,2.06145626595999
753,2.06048292323344
754,2.0777820999247
755,2.07699638140296
756,2.07559026700875
757,2.07446625227698
758,2.07349509763986
759,2.0721885889967
760,2.07507274756765
761,2.07444913314391
762,2.0742225800355
763,2.07287821076226
764,2.07423970717703
765,2.07957004059525
766,2.08015453718799
767,2.08010185585255
768,2.07975967006688
769,2.07989230905544
770,2.07853853669754
771,2.07785843530604
772,2.07699582201211
773,2.07626710732221
774,2.07494905000507
775,2.07359826513181
776,2.07533012855233
777,2.07445366011397
778,2.07533504828036
779,2.07538970731122
780,2.07465535334123
781,2.07368163918094
782,2.0773396484115
783,2.07639469637567
784,2.07649345913998
785,2.07806724481626
786,2.07671867123934
787,2.07970943244416
788,2.07861302494884
789,2.07724637049517
790,2.07639219599243
791,2.07514175053669
792,2.07544424052244
793,2.07819836387404
794,2.07703532357263
795,2.07583677990009
796,2.07449389305562
797,2.07377232359937
798,2.07290781910089
799,2.07160763454827
800,2.07129430302622
801,2.07009668867634
802,2.07098748580106
803,2.07009619163459
804,2.06877977076874
805,2.06790556518404
806,2.06793875046908
807,2.06780533964261
808,2.06687588775056
809,2.0656369008149
810,2.06435432608266
811,2.06322087598979
812,2.06217466894851
813,2.06140856590127
814,2.06013803641427
815,2.08386256664879
816,2.0825727269078
817,2.08314109857536
818,2.08201167899079
819,2.08094392586227
820,2.07968044646047
821,2.07841547788396
822,2.07737496654925
823,2.07765666739496
824,2.07697375716141
825,2.08311257396667
826,2.08672548596799
827,2.08553911543547
828,2.08472839828752
829,2.08405921301949
830,2.0833402290297
831,2.0825427255326
832,2.08145249211712
833,2.0812923783769
834,2.08024531509109
835,2.07896154477138
836,2.08459071821417
837,2.08339040084807
838,2.08256410723327
839,2.08158340032589
840,2.08177570757659
841,2.08107435397389
842,2.08010761392257
843,2.07909814312477
844,2.07910709904588
845,2.07797234346196
846,2.07673842006703
847,2.07578066142351
848,2.07490926450667
849,2.07586995359955
850,2.07638644192922
851,2.07547103653697
852,2.07578499096969
853,2.07497958367977
854,2.07373115269927
855,2.07523618429694
856,2.07427860454213
857,2.07782219494295
858,2.07744519821202
859,2.0769114967169
860,2.07701030715739
861,2.07578643719606
862,2.07453888088927
863,2.07334052108442
864,2.07269735272645
865,2.07155985659382
866,2.07191989946756
867,2.07078322917217
868,2.07177928518514
869,2.07113990821011
870,2.0699264411843
871,2.06882505018622
872,2.0687599698585
873,2.0685710382318
874,2.06755185426203
875,2.0664330084187
876,2.06528437268934
877,2.06583411085791
878,2.06463923724028
879,2.06346043303727
880,2.06228324341464
881,2.06162107360162
882,2.06175460559936
883,2.06142434110301
884,2.06173160031311
885,2.06053751428637
886,2.05995435405552
887,2.05960790049348
888,2.05845155824883
889,2.05741948922524
890,2.05626860577877
891,2.05560750076101
892,2.05525903625912
893,2.05431459222096
894,2.05690421556791
895,2.05626552890869
896,2.05734833798322
897,2.05617184548273
898,2.05510813500036
899,2.05473129943574
900,2.05416869492775
901,2.05373518800101
902,2.052586398952
903,2.05169678565247
904,2.06440989368287
905,2.06412862348089
906,2.06370492457804
907,2.06354195748983
908,2.0653458418625
909,2.06688560371792
910,2.06610626509089
911,2.06518769918037
912,2.0643773577556
913,2.06328919658406
914,2.06256576575353
915,2.06211051370882
916,2.06208173405409
917,2.06170238934002
918,2.06054914310912
919,2.0605786059778
920,2.06274470779758
921,2.06307001973553
922,2.06261041416012
923,2.06256687191676
924,2.06193417768328
925,2.06190586928018
926,2.06137296773855
927,2.06342541506801
928,2.06261836465105
929,2.06148628177556
930,2.06197659592181
931,2.06118923526297
932,2.06030276943578
933,2.0599477704269
934,2.05966778380643
935,2.0606959337651
936,2.06065473878699
937,2.05960417555659
938,2.06162094886445
939,2.06070783259326
940,2.06203940214885
941,2.06279787028868
942,2.06277664082974
943,2.06256896566553
944,2.06275643423131
945,2.06324262762914
946,2.06229274010715
947,2.06163316921469
948,2.06051956776533
949,2.06036823449349
950,2.05928666408828
951,2.06193879040233
952,2.06084453810753
953,2.06044848394756
954,2.06310479049484
955,2.06208366651853
956,2.06194166315368
957,2.06314607860291
958,2.06211461587715
959,2.06144038082192
960,2.06241331093668
961,2.06150436080033
962,2.06107696774233
963,2.06001548085281
964,2.05951274212234
965,2.05845978571921
966,2.05817934150848
967,2.05975971970858
968,2.05959273854218
969,2.05877491127675
970,2.0584836020218
971,2.05897081101396
972,2.05849533708893
973,2.06151441220318
974,2.06116591203866
975,2.06049285541943
976,2.05963850805348
977,2.0586881705837
978,2.05795508131509
979,2.05716352552523
980,2.05646304557524
981,2.05569117093237
982,2.05500519546356
983,2.0539849896049
984,2.05293170830942
985,2.05217826530232
986,2.05147025331593
987,2.05054085645109
988,2.04969353043535
989,2.04945824986453
990,2.05061193455645
991,2.04959813122379
992,2.05108409382167
993,2.05060987249423
994,2.04968841649216
995,2.04898783036672
996,2.04835430615148
997,2.04735567729798
998,2.04861646813944
999,2.04889415901336
1000,2.04793644251326
1001,2.04690408393342
1002,2.05108170022625
1003,2.0508681227058
1004,2.04988538534133
1005,2.04900657842826
1006,2.04802821807684
1007,2.05376523328609
1008,2.05292170250599
1009,2.05194961366136
1010,2.05104634194682
1011,2.05179623062491
1012,2.05076581959563
1013,2.04978430025612
1014,2.04984760642088
1015,2.04959318705107
1016,2.04856856184578
1017,2.04945070773541
1018,2.0510379151637
1019,2.05012879604549
1020,2.05111336260122
1021,2.05193946864927
1022,2.05132847060545
1023,2.05043262112902
1024,2.04946496970089
1025,2.04871223663448
1026,2.04827599885833
1027,2.06787234595901
1028,2.07001888794645
1029,2.06946859358908
1030,2.08136128578322
1031,2.08040698230536
1032,2.08150185191898
1033,2.08059569459413
1034,2.07992439334467
1035,2.07942008204291
1036,2.07841445168407
1037,2.07754565077598
1038,2.07871824923664
1039,2.07816820418943
1040,2.07747601154696
1041,2.07754705392944
1042,2.07694072037054
1043,2.07633002349434
1044,2.07647228811004
1045,2.07552772895195
1046,2.07463593274151
1047,2.07451433813916
1048,2.0748087339786
1049,2.07382671934672
1050,2.07283582190673
1051,2.07456241640793
1052,2.07384257143471
1053,2.07293823288704
1054,2.07221448332231
1055,2.07677166965237
1056,2.07615094320095
1057,2.07551594396791
1058,2.07476269346041
1059,2.07388890514214
1060,2.07312156762705
1061,2.07321708157213
1062,2.07328585216693
1063,2.07343479623416
1064,2.07447750222405
1065,2.07573915106556
1066,2.07476385743882
1067,2.07423901900843
1068,2.07323367012778
1069,2.07327809072984
1070,2.07237684816432
1071,2.07225441076771
1072,2.07567750552632
1073,2.08081766908786
1074,2.08007810692702
1075,2.08030273140731
1076,2.07930731644424
1077,2.07880198702067
1078,2.07869511917086
1079,2.07772946737996
1080,2.07700290967974
1081,2.07607401499245
1082,2.0755036581494
1083,2.07537412751091
1084,2.07749380802578
1085,2.07669579118081
1086,2.07608248592669
1087,2.07530987101587
1088,2.07456991544995
1089,2.07553675243762
1090,2.07461387085557
1091,2.07408942499415
1092,2.07329481756985
1093,2.07322078570543
1094,2.0723283382884
1095,2.07191471809543
1096,2.07128913357024
1097,2.07042720093633
1098,2.0728944712882
1099,2.0724226844257
1100,2.07257629760513
1101,2.07162211032296
1102,2.07076548346943
1103,2.07088744617798
1104,2.07102720833606
1105,2.07019775729019
1106,2.07015614019826
1107,2.0780888416658
1108,2.07729941415457
1109,2.07695278749029
1110,2.07604989074398
1111,2.07971173340298
1112,2.07910496285987
1113,2.07838641474288
1114,2.07768925384743
1115,2.07707398141177
1116,2.07633105924412
1117,2.08279766520812
1118,2.08777165948535
1119,2.08683682141986
1120,2.08810469637744
1121,2.08733632546052
1122,2.08638291662844
1123,2.08551225961814
1124,2.08496357335946
1125,2.08588032731198
1126,2.08501366549447
1127,2.08429888956117
1128,2.08337737275728
1129,2.08252305183043
1130,2.08163741855462
1131,2.08074919965472
1132,2.0801559215312
1133,2.07942011438896
1134,2.07863696089296
1135,2.07870830395484
1136,2.07869226908509
1137,2.07886930420376
1138,2.07811588230714
1139,2.07741083484091
1140,2.07663435713191
1141,2.07606179969072
1142,2.07514442440309
1143,2.07447246685882
1144,2.07535791557143
1145,2.07678855511815
1146,2.08233486771496
1147,2.08147303594164
1148,2.08094459568351
1149,2.08020757680269
1150,2.07976116215149
1151,2.0791928004118
1152,2.07895300822722
1153,2.07812594466151
1154,2.07759732958206
1155,2.07688898125184
1156,2.0759582063391
1157,2.07556696090162
1158,2.07552428273044
1159,2.07477228659174
1160,2.07391411544478
1161,2.07343229772057
1162,2.07264577211677
1163,2.07172895845253
1164,2.07196600680766
1165,2.07113771512337
1166,2.07123188214079
1167,2.07045805138902
1168,2.06972067000461
1169,2.06894002847994
1170,2.06905347916057
1171,2.06855817804406
1172,2.06768820412424
1173,2.06680150844371
1174,2.0661519151542
1175,2.06575860902276
1176,2.06498706175823
1177,2.06428403310538
1178,2.06348339857818
1179,2.0628021836655
1180,2.06201481598379
1181,2.06127390633308
1182,2.06236836554333
1183,2.0614798122038
1184,2.06101166120423
1185,2.06036284614583
1186,2.0605349788264
1187,2.06022150190933
1188,2.05942616301454
1189,2.0585757711062
1190,2.05771076733953
1191,2.05685559309184
1192,2.05675906331285
1193,2.05645497811268
1194,2.05583810523506
1195,2.05543323205214
1196,2.05501015665125
1197,2.05612000184006
1198,2.05592438900364
1199,2.05591540449525
1200,2.05663261004106
1201,2.05575368205629
1202,2.05552546035991
1203,2.05802828320503
1204,2.05844739261364
1205,2.05836504149201
1206,2.05800155630921
1207,2.05724315954714
1208,2.05660573237175
1209,2.05588111336745
1210,2.05666358541789
1211,2.05579275809948
1212,2.05760475713611
1213,2.05936398071813
1214,2.05902821546764
1215,2.05838900149131
1216,2.05830789274802
1217,2.05752345113445
1218,2.05698415789295
1219,2.05626861496359
1220,2.05555646728397
1221,2.05500616558863
1222,2.05479236112763
1223,2.0540536708443
1224,2.05319275308414
1225,2.05270676977517
1226,2.05214510155836
1227,2.05134480299193
1228,2.05152870136581
1229,2.05070740101431
1230,2.05002237382612
1231,2.04971218741608
1232,2.05063084948078
1233,2.05039109994837
1234,2.04956510186285
1235,2.04931439318457
1236,2.04847903068506
1237,2.05321445080253
1238,2.06062349174153
1239,2.05992715760874
1240,2.05907776362189
1241,2.0585541667956
1242,2.05802629848997
1243,2.06067335950011
1244,2.06035031590519
1245,2.0601940742664
1246,2.05976699883867
1247,2.05932035244518
1248,2.05872093564078
1249,2.05846098537522
1250,2.05984983573757
1251,2.05947061687016
1252,2.05870736097547
1253,2.06276024876924
1254,2.06192311948605
1255,2.06135544288265
1256,2.0610088914243
1257,2.06102727131559
1258,2.0603472937662
1259,2.06017563219853
1260,2.06532940981308
1261,2.06526940344816
1262,2.06470989067763
1263,2.06393110661011
1264,2.06324685788286
1265,2.06247094118696
1266,2.06284606156541
1267,2.06208543052995
1268,2.06136945278746
1269,2.06083393113837
1270,2.06062689972936
1271,2.05985731386376
1272,2.05921086852262
1273,2.05858888773231
1274,2.0587417124999
1275,2.05835366114096
1276,2.05756997370545
1277,2.0569827083816
1278,2.05668250607828
1279,2.05635041271798
1280,2.05666153174678
1281,2.05585281301355
1282,2.05724820057383
1283,2.05677161991764
1284,2.05622969884999
1285,2.0576037632156
1286,2.05678584057691
1287,2.05861316208892
1288,2.05816777012389
1289,2.05740537107291
1290,2.05672655007831
1291,2.05732567468868
1292,2.05652388264958
1293,2.05612644410542
1294,2.05780814131651
1295,2.05765119072037
1296,2.05945911516172
1297,2.05889946984664
1298,2.05827055972303
1299,2.0576778273921
1300,2.05767054393013
1301,2.05720217031935
1302,2.05691661772654
1303,2.05718863980801
1304,2.05638005022018
1305,2.05628288212346
1306,2.05593768832564
1307,2.05576866460772
1308,2.05525530366081
1309,2.05643959502688
1310,2.05589577754413
1311,2.05560960770171
1312,2.05497399778547
1313,2.05443003433931
1314,2.05413220124539
1315,2.05392465551492
1316,2.05331882893346
1317,2.05325934115778
1318,2.05358699514459
1319,2.05390577836315
1320,2.05404736909214
1321,2.05374311991386
1322,2.05354442753931
1323,2.05335039966635
1324,2.05257725517144
1325,2.05182980051471
1326,2.05127485009441
1327,2.05067058804582
1328,2.04990664649769
1329,2.04947397933299
1330,2.04871790046976
1331,2.04825702932236
1332,2.04747914107727
1333,2.0468781203288
1334,2.04611063538996
1335,2.04686662351898
1336,2.0465720060623
1337,2.04582726234485
1338,2.0458316026359
1339,2.04529238291483
1340,2.04456227210745
1341,2.04440032310676
1342,2.04411337757268
1343,2.04348467811317
1344,2.04286435523034
1345,2.04228377531858
1346,2.04177784384463
1347,2.04288406769623
1348,2.04235302526247
1349,2.04219840229894
1350,2.04176790219283
1351,2.04122634115187
1352,2.04173462115931
1353,2.04221400339159
1354,2.04205406756542
1355,2.04172127697477
1356,2.04098521951546
1357,2.04087809157448
1358,2.04078661272972
1359,2.04047649536716
1360,2.04020474550219
1361,2.03944398889508
1362,2.03873014477597
1363,2.03811985878031
1364,2.03759325267035
1365,2.03723277226493
1366,2.03652190883691
1367,2.03585849676985
1368,2.03583181415285
1369,2.03515204921406
1370,2.03591335702199
1371,2.03562085700931
1372,2.03801392467894
1373,2.03738874761459
1374,2.0366715445711
1375,2.04106875673332
1376,2.04037017236201
1377,2.03985239814682
1378,2.03939083447154
1379,2.03999389272343
1380,2.04451085040484
1381,2.04401027868104
1382,2.04336518632852
1383,2.04338482331352
1384,2.04369356147495
1385,2.04345847407853
1386,2.04300944429905
1387,2.04236171833219
1388,2.0420975427157
1389,2.04138471562565
1390,2.04085300740751
1391,2.04107855493209
1392,2.04167705752861
1393,2.04124585221295
1394,2.04132373533842
1395,2.04079821037015
1396,2.04037827476558
1397,2.03967760380631
1398,2.0394631146902
1399,2.03886703249504
1400,2.03828397787147
1401,2.03793000035434
1402,2.03721496920033
1403,2.0365744861479
1404,2.03602722666258
1405,2.03553133880171
1406,2.05885784972885
1407,2.05860991328981
1408,2.05791791703598
1409,2.05734649337769
1410,2.05675672313669
1411,2.05646387123432
1412,2.05624746758144
1413,2.05567728258175
1414,2.05532650299481
1415,2.0553272087799
1416,2.0549205274209
1417,2.05447545161202
1418,2.05497086757136
1419,2.05428292338904
1420,2.05372216945931
1421,2.05300758034931
1422,2.05238661618782
1423,2.05211994772446
1424,2.05174418551066
1425,2.05149189414872
1426,2.05131339666347
1427,2.05092231546452
1428,2.050827754402
1429,2.05024585761345
1430,2.04968619819222
1431,2.04897102738048
1432,2.04874615698056
1433,2.04825062608673
1434,2.04762783744224
1435,2.04692350273554
1436,2.0468705029038
1437,2.04616295912511
1438,2.04606865564743
1439,2.04577582074279
1440,2.04553459111292
1441,2.0451447327192
1442,2.04469974479172
1443,2.04409560770144
1444,2.0441546223596
1445,2.04365565362422
1446,2.04333454314825
1447,2.04300162361576
1448,2.04571469689728
1449,2.04595289938088
1450,2.04524225416097
1451,2.0456729688072
1452,2.04501091239659
1453,2.0505574174332
1454,2.05001830518044
1455,2.04937634528602
1456,2.05076610983386
1457,2.05080353852335
1458,2.05074115090591
1459,2.05033460548375
1460,2.05151226856422
1461,2.05090100507688
1462,2.05039159292913
1463,2.05271144753589
1464,2.05240457974597
1465,2.0530520355655
1466,2.05343609368464
1467,2.05399570778911
1468,2.05332176196733
1469,2.05317825285332
1470,2.05249032565786
1471,2.05193729715317
1472,2.05132437223434
1473,2.05079749766784
1474,2.05053950375445
1475,2.05007701122708
1476,2.04944952817757
1477,2.0495936258033
1478,2.04930859983653
1479,2.04860768558135
1480,2.0479422886763
1481,2.047331009424
1482,2.04678524626241
1483,2.04619634797322
1484,2.04560280124392
1485,2.04525086555593
1486,2.04466503626429
1487,2.04484462491244
1488,2.04443058087978
1489,2.04391378378214
1490,2.04327533623957
1491,2.0428403643655
1492,2.04321169659326
1493,2.04326332972811
1494,2.04275232305542
1495,2.04245652282898
1496,2.04200304015678
1497,2.04169702583408
1498,2.04126597798883
1499,2.04061538790571
1500,2.04046878284141
1501,2.04079268557129
1502,2.04012553553956
1503,2.03967292039694
1504,2.04292568728213
1505,2.04224124113548
1506,2.04214270651076
1507,2.0441507487354
1508,2.04384714446694
1509,2.04335047293508
1510,2.04328009697728
1511,2.04259773552252
1512,2.0420856319989
1513,2.04181312998745
1514,2.04138357694893
1515,2.040736999513
1516,2.04404375886817
1517,2.04362301893334
1518,2.0472450422823
1519,2.04755951722719
1520,2.04762811822775
1521,2.04717586650789
1522,2.04721759662224
1523,2.04692856606358
1524,2.04923392459086
1525,2.04893931442318
1526,2.04837130405626
1527,2.04784771917461
1528,2.04733869057154
1529,2.04730866521235
1530,2.04697932923743
1531,2.04636329331794
1532,2.04589227548024
1533,2.04533309277064
1534,2.04497574813284
1535,2.04496747916303
1536,2.04442964388763
1537,2.04386198806048
1538,2.04511664854964
1539,2.04448132909591
1540,2.04680260749444
1541,2.04638159681004
1542,2.0464957114958
1543,2.04589188947782
1544,2.04533993219753
1545,2.04466349160763
1546,2.04400923122173
1547,2.043360241746
1548,2.04443093010116
1549,2.04407867360171
1550,2.04425069956893
1551,2.04425100149136
1552,2.04375239531655
1553,2.04404498429127
1554,2.04339887210262
1555,2.0430621378809
1556,2.04299994542267
1557,2.04252039022099
1558,2.04225136780703
1559,2.04173309409324
1560,2.04116406817531
1561,2.04053602042187
1562,2.04000803729962
1563,2.03962216706377
1564,2.03905875174448
1565,2.03843345711537
1566,2.03896693115792
1567,2.03842416094715
1568,2.03799512803935
1569,2.03756010096563
1570,2.03778932270045
1571,2.03718618954799
1572,2.03725754304127
1573,2.03670464394539
1574,2.03675983087914
1575,2.03626021902487
1576,2.03565934029239
1577,2.03503880656152
1578,2.03580716136794
1579,2.03574798717603
1580,2.03554651967914
1581,2.03746931463659
1582,2.03691682587807
1583,2.03645211751109
1584,2.03586456961001
1585,2.03563455779946
1586,2.03529882076973
1587,2.03479558734639
1588,2.03426424826061
1589,2.0340830747901
1590,2.03477606897172
1591,2.03433895300782
1592,2.0339082390175
1593,2.03334705307477
1594,2.0329067290776
1595,2.0350515850529
1596,2.03504716758552
1597,2.03488092845782
1598,2.0342799345125
1599,2.0340200395036
1600,2.03341963650945
1601,2.03289700619378
1602,2.03238900045388
1603,2.03176865079503
1604,2.0312027150364
1605,2.03140863418395
1606,2.03085321747226
1607,2.03033163521509
1608,2.02974808777826
1609,2.02950140384521
1610,2.02902168738765
1611,2.02881308187742
1612,2.02839618326685
1613,2.02787015691399
1614,2.02729153782838
1615,2.02688307311906
1616,2.0264349251593
1617,2.02785125840941
1618,2.0273598733213
1619,2.02701544049498
1620,2.02641562877728
1621,2.02658158290659
1622,2.02628729733162
1623,2.02597539675438
1624,2.02535131565201
1625,2.02591503851134
1626,2.02530247394931
1627,2.03571175924918
1628,2.04065826917824
1629,2.04096921989133
1630,2.04383848969007
1631,2.0434206928976
1632,2.04322292653044
1633,2.04276043917766
1634,2.04232917746087
1635,2.04190454498607
1636,2.04132235225128
1637,2.04082485631994
1638,2.04065508675834
1639,2.0401429801378
1640,2.03987921399388
1641,2.03935996477268
1642,2.0392072208378
1643,2.03905106589477
1644,2.03912920656756
1645,2.03896912041364
1646,2.03907588945384
1647,2.03879895768655
1648,2.03865984500099
1649,2.03808684177887
1650,2.03753495266351
1651,2.03696643429041
1652,2.03674155069864
1653,2.03611680573137
1654,2.03549095524315
1655,2.03567371535123
1656,2.03520934448589
1657,2.034725041052
1658,2.03410348535224
1659,2.03398633097022
1660,2.03396203958785
1661,2.03355260706374
1662,2.03308534213909
1663,2.03269709963381
1664,2.03207677271016
1665,2.03162485187627
1666,2.03175889658716
1667,2.03122784654294
1668,2.03213530063301
1669,2.03531476398314
1670,2.03478825024275
1671,2.03426366506854
1672,2.0361662788617
1673,2.03562093846417
1674,2.03542362329584
1675,2.0348136395028
1676,2.03443962458668
1677,2.03528089037175
1678,2.03479808069786
1679,2.0361032532718
1680,2.03558376346452
1681,2.03497855234693
1682,2.03448995721815
1683,2.03933027251357
1684,2.03890307989452
1685,2.0386891529109
1686,2.03839755521955
1687,2.03802906785369
1688,2.03777363324951
1689,2.03790644904483
1690,2.03814208777013
1691,2.03815017645026
1692,2.03772298859124
1693,2.03713421639018
1694,2.03658547666364
1695,2.03633442281711
1696,2.03582115749511
1697,2.03666522945371
1698,2.03609078095902
1699,2.03617930609152
1700,2.03568045355378
1701,2.03553136210771
1702,2.03513974098294
1703,2.0347863100467
1704,2.0342105194322
1705,2.034437095
1706,2.03412976576381
1707,2.03435333502914
1708,2.03387156254013
1709,2.0334841532269
1710,2.03330641550836
1711,2.03286969842364
1712,2.0323367452708
1713,2.03176602823922
1714,2.03126618203405
1715,2.03069548123491
1716,2.03039136206551
1717,2.03133437797845
1718,2.031001530218
1719,2.03044193126798
1720,2.03007051408148
1721,2.02980415310548
1722,2.02926879086353
1723,2.02872560420484
1724,2.02840865939181
1725,2.02789911484914
1726,2.02742480504641
1727,2.02794951239405
1728,2.02751388145459
1729,2.02694501534964
1730,2.02767741930301
1731,2.02991005110866
1732,2.02996056423452
1733,2.03025608298959
1734,2.03060566828193
1735,2.03012498971261
1736,2.02996234292299
1737,2.02951650816926
1738,2.02896504961175
1739,2.02865369739825
1740,2.02871864344463
1741,2.02841626518183
1742,2.0283906978701
1743,2.02807432866672
1744,2.02758397713067
1745,2.02714761097127
1746,2.02872112263495
1747,2.02854937816133
1748,2.02811723231611
1749,2.02780768761912
1750,2.02761318641016
1751,2.02995275782723
1752,2.02980998000673
1753,2.03029687368543
1754,2.03157375537126
1755,2.03187004589437
1756,2.03456102718429
1757,2.0343804214073
1758,2.03415301246696
1759,2.03365844083693
1760,2.03312908951321
1761,2.03256675150673
1762,2.03224783001782
1763,2.03183102663319
1764,2.03152141182416
1765,2.03120627348451
1766,2.03808119168702
1767,2.03861207154831
1768,2.03805614412115
1769,2.03750167866919
1770,2.03742271743915
1771,2.03769655954987
1772,2.03731615904153
1773,2.03746402905239
1774,2.03692824282548
1775,2.03652948674088
1776,2.03619104083036
1777,2.03576048624686
1778,2.035481115288
1779,2.03518607036336
1780,2.03478824085551
1781,2.03423804157445
1782,2.03376427549922
1783,2.03323358333501
1784,2.03283168262053
1785,2.03243136194342
1786,2.03212047595307
1787,2.03167115690459
1788,2.03169578874878
1789,2.03151570811886
1790,2.03140216153693
1791,2.03195816912345
1792,2.03184778290495
1793,2.03129200347091
1794,2.03078513828744
1795,2.03043677627074
1796,2.03043695832118
1797,2.02990353437698
1798,2.03514068719594
1799,2.03976397154823
1800,2.03927621206927
1801,2.04406374457182
1802,2.04350876284386
1803,2.04971632036401
1804,2.04984411309707
1805,2.09695266751188
1806,2.0963568595722
1807,2.09602375390032
1808,2.09550153084114
1809,2.09529097677163
1810,2.09495948126768
1811,2.09440656411807
1812,2.09383504002474
1813,2.09340797960038
1814,2.09311373839457
1815,2.09254716992921
1816,2.09235808353836
1817,2.09400958734599
1818,2.09350637881964
1819,2.09351421501148
1820,2.09354451374011
1821,2.09297025704454
1822,2.09264612972028
1823,2.09216543971235
1824,2.09241855602401
1825,2.09217507376994
1826,2.09223093155375
1827,2.09198259299482
1828,2.09154196513643
1829,2.09105185894688
1830,2.09197269393959
1831,2.09142324252821
1832,2.09090161458661
1833,2.09075987825447
1834,2.09059226365598
1835,2.09022227238367
1836,2.08968327281957
1837,2.089166823509
1838,2.08874765822777
1839,2.08826065690169
1840,2.08771699197105
1841,2.08723921684767
1842,2.08680954854323
1843,2.08733620344687
1844,2.08703100751053
1845,2.08669198154903
1846,2.0864156896609
1847,2.08620933162335
1848,2.08568361041623
1849,2.08523388805179
1850,2.08487355636766
1851,2.08503446742553
1852,2.08473206861245
1853,2.08451498711621
1854,2.08393033719164
1855,2.08493330103834
1856,2.08445790895138
1857,2.08462529060594
1858,2.08429506709079
1859,2.08371295404331
1860,2.08400055563095
1861,2.08390019777901
1862,2.08346097194522
1863,2.0829534058841
1864,2.08276680648348
1865,2.08229991464215
1866,2.08179849044106
1867,2.08137083222261
1868,2.08082272798604
1869,2.08127637194692
1870,2.08079950417535
1871,2.08072151681395
1872,2.08022471726266
1873,2.07988398659803
1874,2.07951617527515
1875,2.07902355215045
1876,2.07860468027851
1877,2.07843376069517
1878,2.07843866464604
1879,2.07803312087181
1880,2.07799841534065
1881,2.07787227920666
1882,2.07761784019097
1883,2.07815371406645
1884,2.0776374579759
1885,2.0775490435686
1886,2.07707998021344
1887,2.07658368732909
1888,2.07687182624371
1889,2.07633656437734
1890,2.07716680321828
1891,2.07660274719626
1892,2.07605648651306
1893,2.07582109693117
1894,2.07528475301791
1895,2.07476427486457
1896,2.07494899121788
1897,2.07562520230715
1898,2.07612218784921
1899,2.08606947199063
1900,2.08567153642289
1901,2.08595558665997
1902,2.08565213319764
1903,2.08510551631884
1904,2.08513629133372
1905,2.08602510446254
1906,2.08556002739022
1907,2.08503921153561
1908,2.08463121857374
1909,2.08408630223263
1910,2.08451650611835
1911,2.08415525016392
1912,2.08406216711158
1913,2.08413484304696
1914,2.08574454544016
1915,2.08522648775881
1916,2.08552973290927
1917,2.08498384055482
1918,2.0862683143793
1919,2.08632860129454
1920,2.08607687088524
1921,2.08552092803354
1922,2.08614550498819
1923,2.08558707931676
1924,2.0859828398038
1925,2.08572853117464
1926,2.08893086963292
1927,2.08854295284963
1928,2.0882994154634
1929,2.08776023136125
1930,2.08756159111847
1931,2.08705177028671
1932,2.08715648769843
1933,2.0869945640172
1934,2.08678844132879
1935,2.08638712750534
1936,2.08583298870889
1937,2.0853776573656
1938,2.08504393231685
1939,2.08495168226269
1940,2.08456073560468
1941,2.08433846059717
1942,2.08399406340031
1943,2.0834607722969
1944,2.08336829202423
1945,2.08288792057684
1946,2.0825189664311
1947,2.08202399293115
1948,2.08171409064398
1949,2.08169152459353
1950,2.08141742584182
1951,2.08086965083759
1952,2.08068683295109
1953,2.08038898429515
1954,2.08015828233593
1955,2.07964084501347
1956,2.07980689217947
1957,2.07930146062313
1958,2.07906366644923
1959,2.07858452743147
1960,2.07817827617095
1961,2.07771653526556
1962,2.07724873686601
1963,2.07749568359738
1964,2.0789470150951
1965,2.07896430091371
1966,2.07854381026866
1967,2.07808675794552
1968,2.07776840789133
1969,2.07733566166912
1970,2.07706645907297
1971,2.0765420065125
1972,2.07627320055841
1973,2.07579115929979
1974,2.07603847943466
1975,2.07583526587961
1976,2.07543192447404
1977,2.07516820448102
1978,2.07483930016281
1979,2.07462810920919
1980,2.07421813079648
1981,2.07369061249871
1982,2.07335809659913
1983,2.07342335481912
1984,2.07413266043615
1985,2.0736265485541
1986,2.07343573616318
1987,2.07306214345146
1988,2.07260219420701
1989,2.07235777903837
1990,2.07205438751599
1991,2.07205444242478
1992,2.07173313771917
1993,2.0718005839855
1994,2.07130644160144
1995,2.07113114346406
1996,2.0706015086776
1997,2.07017867938778
1998,2.06966758496117
1999,2.0693968399366
2000,2.06886734252697
