n,sigma2_n
1,0.923764686774438
2,0.91542456152866
3,0.900045688562945
4,0.676916538169536
5,0.713192636013554
6,0.692672152011642
7,0.678670580936642
8,0.594313596366229
9,2.70633683951721
10,2.46787546195729
11,2.29576754764637
12,2.14696494949176
13,1.9885150136324
14,1.84675850306404
15,1.78010568986773
16,1.70037141857489
17,1.6204270860559
18,1.54025056825495
19,1.4968693089369
20,1.43783121651751
21,1.40688677027603
22,1.34942565912104
23,1.31359281772315
24,1.26712616736101
25,1.23726169818409
26,1.19807937984417
27,1.19498831674006
28,1.16006472780846
29,1.13816247835937
30,1.13299537114975
31,1.12826540736143
32,1.11682981785561
33,1.10972476275226
34,1.0916311489186
35,1.06429847969493
36,1.03593000467549
37,1.03367477337183
38,1.03050020841727
39,1.00418838144166
40,1.65504769571219
41,1.75705356713555
42,1.72015773618513
43,1.69849502803764
44,1.65996452673494
45,1.62925964342631
46,1.59929279017705
47,1.58525811887294
48,1.56626635462416
49,1.55029437063956
50,1.53187892917202
51,1.50546161006515
52,1.47746572614879
53,1.52022434247628
54,1.5053381583862
55,1.49091918033936
56,1.46812787489736
57,1.46600625331927
58,1.45241099817324
59,1.44109522691045
60,1.42652562325056
61,1.41242693369265
62,1.39927926065725
63,1.38377949182321
64,1.36652579401991
65,1.34928747094487
66,1.34292693098839
67,1.33306876458186
68,1.31665999349198
69,1.30522232427581
70,1.29333944817473
71,1.28830242068346
72,1.27404245214752
73,4.51625531243379
74,4.46687395848338
75,4.41299098496042
76,4.3568181708201
77,4.3064294772617
78,4.48205227581227
79,4.43022940932997
80,4.38599407912956
81,4.33879982295621
82,4.29779987419316
83,4.25486637704401
84,4.20669496757615
85,4.18146256580154
86,4.15255427768708
87,4.11596502824626
88,4.06990460414847
89,4.03272985341923
90,3.98793386566534
91,3.94494770287542
92,3.90419694411699
93,3.86866399988901
94,3.83101391229075
95,3.79723322277562
96,3.75768208199912
97,3.77084196062205
98,3.74030020214016
99,3.70854770321683
100,3.67165243168533
101,3.6362260984724
102,3.78399799857417
103,3.7556699984558
104,3.72699036736054
105,3.69868091020653
106,3.67076929806295
107,3.64210393850903
108,3.61448243251469
109,3.5879782570413
110,3.55693490984749
111,3.5308096913963
112,3.49949844570997
113,3.47483897166175
114,3.44529365050258
115,3.41810520800372
116,3.392963414465
117,3.36705052286007
118,3.34237874262906
119,3.3197293482191
120,3.36251589254542
121,3.33474780321328
122,3.3079904232022
123,3.28669678141169
124,3.2664145576136
125,3.24049265563225
126,3.22234130986224
127,3.20164652433697
128,3.2288928617649
129,3.20792074842
130,3.18887365114988
131,3.1670367937956
132,3.1445434217701
133,3.12358687142236
134,3.10444440556089
135,3.08281804449893
136,3.06092193128651
137,3.04533858369857
138,3.03003154562844
139,3.00850344371171
140,2.99390520263248
141,2.97635955873543
142,2.95542712441387
143,2.96826583984881
144,2.95271841785204
145,2.93238927245921
146,2.91848504460811
147,2.90572211815119
148,2.88630615541115
149,2.87197370562957
150,2.85575933306286
151,2.83982505323536
152,2.82211129817749
153,2.80368684211562
154,2.78652305805545
155,2.77102450771399
156,2.75961195558542
157,2.74290908601501
158,2.72715694618643
159,2.71549778215766
160,2.70238305654053
161,2.68663045125345
162,2.67357310810356
163,2.65844049142032
164,2.66822248797169
165,2.65411328437154
166,2.63853258712054
167,2.64295747844666
168,2.62930936742594
169,2.61897683475186
170,2.60361885948801
171,2.59802346619701
172,2.58796515857782
173,2.57740251833639
174,2.56499042174021
175,2.5505050029309
176,2.53808713395115
177,3.30242951465005
178,3.28707450986685
179,3.28517416566139
180,3.26758810704207
181,3.26371374735137
182,3.24887492750975
183,3.23414343457527
184,3.21737383467258
185,3.20099161033842
186,3.18404647899014
187,3.16816158671299
188,3.15279506062314
189,3.13839987109457
190,3.12381204190219
191,3.10968307346339
192,3.09356797476532
193,3.11240844991185
194,3.09639705897735
195,3.08531616549091
196,3.07222240531589
197,3.05992585096669
198,3.04813269121943
199,3.03435617054026
200,3.0204552280358
201,3.08173813844926
202,3.06774869418547
203,3.05313149135375
204,3.03996563965284
205,3.02514979883588
206,3.01318069310882
207,3.0032346818187
208,2.99960296705154
209,2.98581792009468
210,2.97561105416383
211,2.96516100964944
212,2.95217388087337
213,2.94053179950528
214,2.92681291510781
215,2.91433423635247
216,2.9027903297663
217,2.89148116270998
218,2.88218124692853
219,2.87248372289042
220,2.86180641463749
221,2.8488575150718
222,2.84050234860268
223,2.82948496216753
224,2.8173805285367
225,2.83308565034834
226,2.82202046203511
227,2.80975460554898
228,3.04368741422335
229,3.03342637665684
230,3.02375938289445
231,3.40594021745404
232,3.39224322858719
233,3.38039711646468
234,3.36711177482712
235,3.35628620998415
236,3.34370888562715
237,3.33299780323879
238,3.32294138310821
239,3.31261777583724
240,3.30107390638519
241,3.2902164779273
242,3.27752955471766
243,3.26510893683446
244,3.25249740740253
245,3.24095870954811
246,3.23179584986074
247,3.21918421383044
248,3.20676168605901
249,3.19391220775887
250,3.18349968985741
251,3.17471665309661
252,3.16415192516411
253,3.15399194698668
254,3.14480557014337
255,3.13526671313178
256,3.12549724622819
257,3.11333968058167
258,4.33273133972692
259,4.31648618072594
260,4.30329032954361
261,4.28697832089081
262,4.27229246308193
263,4.2773971402649
264,4.26480520008803
265,4.25041967058763
266,4.23707644165437
267,4.22277608683947
268,4.20762030745808
269,4.19384740143449
270,4.18073721158001
271,4.16557959487042
272,4.15361769272606
273,4.13854189847316
274,4.1258296933883
275,4.11381144930728
276,4.1024407252058
277,4.09109311979947
278,4.07983477589254
279,4.08054463069585
280,4.06788112488591
281,4.05631671117426
282,4.04212140493173
283,4.03060973424627
284,4.01746658214156
285,4.00602800967655
286,3.99398577706603
287,3.98655126739497
288,3.97434903595488
289,3.96115476094081
290,3.9477041857526
291,3.93431345264523
292,3.92187298215591
293,3.9127078552339
294,3.89941165913423
295,3.88713499040986
296,3.88904067055706
297,3.8765223701332
298,3.8639869563107
299,3.85106396708243
300,3.83944208738453
301,3.82876950725845
302,3.81682223989144
303,3.80506482002989
304,3.79420171614969
305,3.78419108046558
306,3.7718962530042
307,3.76123437619545
308,3.75104287507447
309,3.74129419954071
310,3.73048016845327
311,3.71853308087268
312,3.72164969967581
313,3.71233618182579
314,3.70317574438046
315,3.69143144482305
316,3.67978418355256
317,3.67006147931811
318,3.66005538758964
319,3.65170442843536
320,3.64761624139386
321,3.63625466644734
322,3.67586775666908
323,3.66573730827304
324,3.65472488905881
325,3.64517007048169
326,3.6341592959729
327,3.62604066793847
328,3.61754060309735
329,3.61273542594665
330,3.60353141430263
331,3.59311767013358
332,3.58491697092416
333,3.57441644615302
334,3.56572034811301
335,3.5571914016372
336,3.54732163123173
337,3.53958507672465
338,3.53169311969032
339,3.55933325149056
340,3.55249916943771
341,3.54410862919835
342,3.54578009460564
343,3.53809905412629
344,3.53014206758068
345,3.52106320348096
346,3.51233549521909
347,3.50500057737483
348,3.49740624919733
349,3.48757788482831
350,3.48041456704247
351,3.47224156302126
352,3.46491999588292
353,3.45774994896568
354,3.44892746787292
355,3.43950309857548
356,3.42989068524562
357,3.42528673220655
358,3.41590291165056
359,3.4065532992079
360,3.44331352862156
361,3.43394698352228
362,3.42706637487347
363,3.41937109015454
364,3.41071995186884
365,3.40209150221464
366,3.39434431693349
367,3.3862286178701
368,3.43117565482232
369,3.42424712605408
370,3.41706091711277
371,3.40830398905399
372,3.40089736224103
373,3.39255096369885
374,3.38607357281984
375,3.37768654809799
376,3.36870952966591
377,3.36084666833243
378,3.35458266870816
379,3.34577671528875
380,3.33769110582229
381,3.32947276966416
382,3.32211480147181
383,3.31460416461216
384,3.30847414994376
385,3.30148247440847
386,3.29297649270345
387,3.28682654631922
388,3.27977010010452
389,3.27357705821107
390,3.2980683972595
391,3.29145694434268
392,3.28399711125129
393,3.27576078021254
394,3.26958945696614
395,3.26155847818902
396,3.25404190580801
397,3.24679725406048
398,3.24100142932644
399,3.23389224195793
400,3.22748685582016
401,3.88460371404433
402,3.87635791805835
403,3.86708702983859
404,3.85804658062317
405,3.8508515635242
406,3.84212254972611
407,3.83999728888213
408,3.83263343975264
409,3.82429125598733
410,3.8171543345891
411,3.80898807878205
412,3.7997739373564
413,3.79060625606202
414,4.03303671145081
415,4.02485101997627
416,4.0400477234997
417,4.03272800081243
418,4.02499114775092
419,4.01603165330313
420,4.02140869841903
421,4.01266329119612
422,4.00414689617053
423,3.99552260458397
424,4.00072213591608
425,3.99248706910163
426,3.98344568005649
427,3.97700876962701
428,3.96813402706097
429,3.97102213889124
430,3.96193126691231
431,3.95746035308403
432,3.9483806608893
433,3.94139408388195
434,3.93416532197125
435,3.92591525945521
436,3.91849135156555
437,3.91165058033718
438,3.90481987523886
439,3.89703339047062
440,3.88945058172144
441,3.88232562386567
442,3.87522011941276
443,3.86650209985105
444,3.85988430878232
445,3.85332375648858
446,3.84541368132756
447,3.83681103498759
448,3.8585928445283
449,3.85093162187958
450,3.84331152457861
451,3.83685159308853
452,3.82958986937079
453,3.82273956093666
454,3.81448220745144
455,3.80757427217578
456,3.80109725051125
457,3.84088903251035
458,3.83266886640011
459,3.82490920758491
460,3.8187624226156
461,3.8122752382933
462,3.80586333882256
463,3.7989427818789
464,3.79128640299801
465,3.78527626996897
466,3.7776719427656
467,7.64286881978587
468,7.62839332230938
469,7.61370705611936
470,7.59863999927839
471,7.58448233307777
472,7.56998419312009
473,7.55422501553448
474,7.53973885363413
475,7.52392979043855
476,7.50820088956251
477,7.49447156066911
478,7.47939234634491
479,7.46472651508611
480,7.45172414666353
481,7.43701178306655
482,7.42246111584028
483,7.40854250378212
484,7.39520437407176
485,7.38060773950788
486,7.36609558438857
487,7.35151197304621
488,7.33733062112947
489,7.32424330033571
490,7.31101615023398
491,7.29793692576906
492,7.2840699988451
493,7.26930531195197
494,7.25538562797218
495,7.24259881484049
496,7.22963904599606
497,7.216413476151
498,7.20203698356303
499,7.18952614998157
500,7.17529217724304
501,7.16254370649939
502,7.14897292855779
503,7.13591194436792
504,7.12181576093397
505,7.10856076411972
506,7.09606593830121
507,7.08246271627918
508,7.06879123975391
509,7.05665820086922
510,7.04339133636522
511,7.03093551966487
512,7.01912444130574
513,7.00544788474988
514,6.99231473893109
515,6.97960180536476
516,6.96624240627485
517,6.95433322121185
518,6.94187079821243
519,6.93035331400824
520,6.91709332518463
521,6.90566421453495
522,6.89420104133002
523,6.88207397709596
524,6.87010680598539
525,6.85859290335363
526,6.8470870735612
527,6.83419297637758
528,6.82273848372084
529,6.81144374735564
530,6.79980952638903
531,6.7885292086987
532,6.77578259011294
533,6.76462579147773
534,6.75232940505685
535,6.7408406908074
536,6.72856221277372
537,6.72879750980736
538,6.71770551157392
539,6.71828843816651
540,6.70622818477995
541,6.6942893850362
542,6.68340462855244
543,6.67224925279875
544,6.66145033575363
545,6.64925976077643
546,6.63872178085315
547,6.62821380449661
548,6.61690540216762
549,6.60503706620565
550,6.66113700483379
551,6.64904802051109
552,6.66400713897972
553,6.6520501308761
554,6.64059880917054
555,6.62974678809401
556,6.62039769081106
557,6.6136594551996
558,6.6028209361885
559,6.59268649987715
560,6.58217470634668
561,6.57097805173641
562,6.56081095243471
563,6.54986785924628
564,6.54112138959931
565,6.53018296688276
566,6.52038357668317
567,6.51027846711074
568,6.50038668034631
569,6.48896698966153
570,6.47901079537987
571,6.46846910490027
572,6.45782720236198
573,6.44785784624442
574,6.43720189622898
575,6.42751578800089
576,6.41773235006959
577,6.40833586933401
578,6.39752793849154
579,6.38798240272154
580,6.37725740208702
581,6.36654770036166
582,6.35568496907424
583,6.34612410788039
584,6.33653357767518
585,6.32660592279486
586,6.31647917801718
587,6.30632933490434
588,6.29586834298446
589,6.28567056429378
590,6.27513879644066
591,6.26620735654901
592,6.25626741682466
593,6.24721163927869
594,6.4325357116562
595,6.42189952563717
596,6.41279261609565
597,6.40214925726606
598,6.39235716929061
599,6.38301859645301
600,6.38046621184233
601,6.37063935427809
602,6.36141600549522
603,6.35232794899886
604,6.34249738337961
605,6.33201470619833
606,6.32291451037805
607,6.31271246957033
608,6.30383967262274
609,6.29398665276874
610,6.28367929645685
611,6.27417142173458
612,6.26413105936432
613,6.32476614051658
614,6.31629406825096
615,6.30633427141573
616,6.29727869825111
617,6.28730188540681
618,6.27839001299198
619,6.26895853910325
620,6.25914690985655
621,6.2648842954169
622,6.25832811368303
623,6.24885243931305
624,6.23998121107703
625,6.23048116133631
626,6.27580532003522
627,6.27198522575773
628,6.26309828973315
629,6.25320347712479
630,6.24348656976451
631,6.23397132279463
632,6.22524014189999
633,6.21622463468383
634,6.75212277154132
635,6.74235722520057
636,6.73474670793882
637,6.72418495020561
638,6.71508825208732
639,6.70511276283769
640,6.69579129674484
641,6.68605869065069
642,6.67691867229221
643,6.66769461436575
644,6.65830666390003
645,6.64845969742864
646,6.63890581511076
647,6.62991173482463
648,6.61988912995426
649,6.60983343007549
650,6.60055084349313
651,6.59117942525584
652,6.5819948689092
653,6.5728071457431
654,6.56359442289765
655,6.55410234624041
656,6.54455683588623
657,6.53527254501033
658,6.5277177893103
659,6.51898749610801
660,6.51371243815042
661,6.50492588205623
662,6.49513796773855
663,6.49655209062218
664,6.48708164524152
665,6.47799165223855
666,6.46854668301417
667,6.45989856183578
668,6.45059520265793
669,6.44106825928034
670,6.43381031720259
671,6.92925568301267
672,6.92025458452482
673,6.91063321784805
674,6.90150869667166
675,6.89151637046579
676,6.8815713370391
677,6.87263141663
678,6.86254475257035
679,6.85337088578723
680,6.84435438868169
681,6.83472234989214
682,6.82592751513324
683,6.81686620743593
684,6.80801332579356
685,6.79875350067565
686,6.78990672354496
687,6.7802982811581
688,6.770457946024
689,6.76185691529943
690,6.75333154818362
691,6.74410386841438
692,6.73453637444606
693,6.72567323935927
694,6.71724077028554
695,6.70870050467761
696,6.6996433989563
697,6.74417515525392
698,6.7356538187589
699,6.72717571572403
700,6.71762483131747
701,6.72544096874266
702,6.71640991060306
703,6.70713043362691
704,6.69789112256603
705,6.68908220275589
706,6.68099279876462
707,6.67198497707422
708,6.77683451112286
709,6.829579315857
710,6.82111535662448
711,6.81152208311167
712,6.80259438752503
713,6.79312281253611
714,6.78425361151125
715,6.77481214643545
716,6.76673634734671
717,7.01880106348482
718,7.01025305863177
719,7.00188861144671
720,6.99280494950546
721,6.98480698634342
722,6.97985783071857
723,6.97131796124839
724,6.96249688627455
725,6.95404290742825
726,6.9445358198414
727,6.93581928122788
728,6.92735947659007
729,6.91888817062525
730,6.91055385536728
731,6.90220453038715
732,6.90798802570563
733,6.8988263234612
734,6.89148435555601
735,6.88318176853177
736,6.87510366755409
737,6.86579296186565
738,6.85720938236927
739,6.8598933804812
740,6.85065301339671
741,6.84255507621295
742,6.83423600958099
743,6.8259763684777
744,6.81702077124051
745,6.80892973430538
746,6.8000838992278
747,6.79149654365778
748,6.7826026072293
749,6.79802901292641
750,6.78997112404484
751,6.78200353244821
752,6.77406097999374
753,6.76597275297973
754,6.80665480871499
755,6.79772569277138
756,6.78878214355675
757,6.78079147120904
758,6.77300983496965
759,6.76515978304236
760,6.75636549461504
761,6.74790331421147
762,6.73969580815041
763,6.73175090508546
764,6.7230372701431
765,6.71750101808801
766,6.70988583730246
767,6.70220112570052
768,6.69377496419553
769,6.68526729841082
770,6.68066962650036
771,6.67210553424175
772,6.66468373756831
773,6.65635488265939
774,6.64775505961436
775,6.6393566309852
776,6.63176386985886
777,6.62578152781203
778,6.6184148600386
779,6.61008403460217
780,6.60201768912707
781,6.59446021579752
782,6.58603196018246
783,6.58105186056538
784,6.57381026584372
785,6.5654422900225
786,6.55780551451918
787,6.54999332519367
788,6.542696703794
789,6.53494687938606
790,6.52740309050796
791,6.5228182744177
792,6.51458288490859
793,6.50687750608421
794,6.51941581586456
795,6.51196769842651
796,6.50604172001478
797,6.52244577194595
798,6.51458046259263
799,6.50643806048126
800,6.49839069678444
801,6.49032654261999
802,6.48306501932355
803,6.4750034241722
804,6.46726978963338
805,6.49796219354994
806,6.50345469629844
807,6.49587084513152
808,6.48896585918615
809,6.48158239156848
810,6.47364916314888
811,6.46581459860548
812,6.45847629650048
813,6.450548176248
814,6.4432161944094
815,6.43531304183719
816,6.43065700380284
817,6.4230481521456
818,6.41571112712565
819,6.40882277203457
820,6.40169550532608
821,6.39493872002306
822,6.38757142769767
823,6.3798124611975
824,6.37317639828587
825,6.3759928760299
826,6.36942112388242
827,6.36236325595738
828,6.35521331932512
829,6.34804112581915
830,6.36710959562123
831,6.35944805401113
832,6.35298510733078
833,6.34583387542979
834,6.33937258210871
835,6.33188185109755
836,6.32513399279166
837,6.3200936096237
838,6.31341066460495
839,6.30591062335397
840,6.29842307000655
841,6.29122205320471
842,6.28394456465098
843,6.27674775277212
844,6.26931754930523
845,6.26236166968825
846,6.25509506810437
847,6.25046030738308
848,6.24309408980801
849,6.23969543104499
850,6.23276314172658
851,6.2264863465527
852,6.219179325156
853,6.21274993740451
854,6.20569789449329
855,6.19875956131698
856,6.19213209332233
857,6.2040014907681
858,6.1978146429714
859,6.19074657532924
860,6.18387404495246
861,6.17754495068126
862,6.17091480361873
863,6.16432731887094
864,6.15808334908829
865,6.15106484995589
866,6.14491144491231
867,6.13798719532701
868,6.1316417297263
869,6.12553875779279
870,6.11887074822019
871,6.11207375994748
872,6.10527729739653
873,6.09882830264017
874,6.09226998975568
875,6.08534397914178
876,6.07941566077041
877,6.07251642632617
878,6.06657312545645
879,6.059920671329
880,6.05315404545027
881,6.04665361347582
882,6.04061961255462
883,6.03759103126515
884,6.03102071522437
885,6.0246374029363
886,6.0187540439545
887,6.01216650309165
888,6.00871981806501
889,6.00196214469427
890,5.99633870484091
891,5.99020240140291
892,5.98593809054274
893,5.97999787782817
894,5.97390223661191
895,5.96731196285372
896,5.9607021682543
897,5.96365631575244
898,5.95716724835249
899,5.95149049687348
900,5.94487773331016
901,5.941056618452
902,5.93499429805559
903,5.92922855141243
904,5.92352288425081
905,5.91762868050924
906,6.0336293319979
907,6.02785813611797
908,6.02183372241117
909,6.01581162268933
910,6.00922837980355
911,6.00337585142383
912,5.99679471737744
913,5.99023643423831
914,5.98474383303627
915,6.20721137686954
916,6.20081159074941
917,6.19502347268706
918,6.18916914548691
919,6.18268645321558
920,6.17621834712249
921,6.16974590891869
922,6.16305457183294
923,6.15720462275385
924,6.15261854407794
925,6.14598052211761
926,6.14026873518075
927,6.13387815783943
928,6.1273416477715
929,6.12075073976418
930,6.11598769713583
931,6.10987075954644
932,6.1041160922702
933,6.64005026610454
934,6.63398172445086
935,6.62699367717849
936,6.62088602073262
937,6.61405518857371
938,6.60794922898136
939,6.60092923025459
940,6.59456458272429
941,6.58860593474532
942,6.58165158011191
943,6.57474092007265
944,6.56872511815953
945,6.56242320622181
946,6.55550454477236
947,6.55119145715495
948,6.54443537422705
949,6.53753937690063
950,6.53101307893999
951,6.5250233505747
952,6.51897030668795
953,6.51306477901353
954,6.50722872841941
955,6.501142430339
956,6.4943983160657
957,6.48767847328111
958,6.481344534125
959,6.47487683218596
960,6.4688580358739
961,6.46244742121343
962,6.45599400644764
963,6.45466909714885
964,6.44838683380341
965,6.44173852663263
966,6.43550322420409
967,6.42886187005572
968,6.42323606036103
969,6.41732139884196
970,6.41070773651037
971,6.40736363192973
972,6.40096680431038
973,6.39444289470403
974,6.38795401190596
975,6.38229647603682
976,6.37646842522101
977,6.36997774363212
978,6.36370078998295
979,6.35720396430708
980,6.35093918045649
981,6.34535754162059
982,6.3395647579561
983,6.33706199481779
984,6.33155560731807
985,6.32886061556628
986,6.32262994778835
987,6.31631353435949
988,6.3107267138733
989,6.30483078482212
990,6.29850306021042
991,6.2924460695045
992,6.28656961398754
993,6.28109960145979
994,6.27483920292071
995,6.26909666690826
996,6.26376611387227
997,6.25752699548725
998,6.25132723527275
999,6.24538461222749
1000,6.23914294096813
1001,6.23386456424837
1002,6.22813492465966
1003,6.2227023776986
1004,6.21723404936859
1005,6.21258896546029
1006,6.20736539425046
1007,6.25678230082467
1008,6.25150488955734
1009,6.24619743099102
1010,6.24085422549145
1011,6.23477195013661
1012,6.22867756406122
1013,6.22282499856737
1014,6.21750234044528
1015,6.21137865306596
1016,6.20608185955641
1017,6.20020047486812
1018,6.19453367149621
1019,6.18934363131723
1020,6.18415280089835
1021,6.1790275256983
1022,6.17343206177639
1023,6.16802584305053
1024,6.16273147313009
1025,6.15690951194924
1026,6.15184328150098
1027,6.14595744227213
1028,6.14065271189302
1029,6.13468612985401
1030,6.12963919595914
1031,6.1244631865197
1032,6.1185868350311
1033,6.11351992364387
1034,6.10851124845623
1035,6.10326247925683
1036,6.09809104170548
1037,6.09257859122006
1038,6.0869607102257
1039,6.08133368040986
1040,6.07834172203633
1041,6.07337544268211
1042,6.06772844789781
1043,6.06249414022182
1044,6.05720780683644
1045,6.05168218203086
1046,6.04654106752774
1047,6.04133845612204
1048,6.03629688039325
1049,6.03110230627284
1050,6.02572832103534
1051,6.02046222287409
1052,6.01550770229928
1053,6.01055721825462
1054,6.00526863432117
1055,6.00046063080515
1056,5.99507412366259
1057,5.99026287436891
1058,5.98460598371501
1059,5.97937497646667
1060,5.97394817753452
1061,5.9684860364889
1062,5.96307438164352
1063,5.95790045895086
1064,5.95297853574578
1065,5.94820575978873
1066,5.9430712257711
1067,5.93836005674134
1068,5.93281390666919
1069,5.92805459159524
1070,5.92472408866559
1071,5.91952247548933
1072,5.91469149699515
1073,5.91317719613394
1074,5.90813980134669
1075,5.90357336097487
1076,5.89863282156221
1077,5.89351545649124
1078,5.8886418226092
1079,5.88324629764212
1080,5.87813141176224
1081,5.89587072938824
1082,5.89088182474631
1083,5.88546497150216
1084,5.88061342556788
1085,5.87598818260772
1086,5.87066414769951
1087,5.86592666460556
1088,5.86056833099466
1089,5.85602134898273
1090,5.85122660966685
1091,5.84676411980139
1092,5.8418839377887
1093,5.83716034427846
1094,5.83206787555558
1095,5.82747637576764
1096,5.82267466499228
1097,5.81774916623192
1098,5.81307949474115
1099,5.80858351561086
1100,5.80366025239272
1101,5.79855116869227
1102,5.79419461948603
1103,5.78895408814627
1104,5.78373237920642
1105,5.77855473416325
1106,5.77395199089526
1107,5.76929408839515
1108,5.7644244243576
1109,5.75938115379177
1110,5.75422596204143
1111,5.74950512997865
1112,5.74522612651278
1113,5.74021735412884
1114,5.73511856709454
1115,5.73082277674807
1116,5.7257931016252
1117,5.72121145716503
1118,5.71624271407007
1119,5.71177087678316
1120,5.70714400165385
1121,5.70251613009338
1122,5.69753099273391
1123,5.69301264611068
1124,5.68809032560546
1125,5.68499426615986
1126,5.67999005212082
1127,5.67555241532656
1128,5.6707031611861
1129,5.66592995633519
1130,5.66152466204137
1131,5.65660348297611
1132,5.65170569961356
1133,5.64682047237961
1134,5.6421047211359
1135,5.63798896341459
1136,5.63304232677331
1137,5.62885924014561
1138,5.62432698748117
1139,5.61963177283816
1140,5.6147721074597
1141,5.61072756905573
1142,5.60604454707358
1143,5.60196901552301
1144,5.59768085816318
1145,5.60533338590496
1146,5.60130788937643
1147,5.59685067842601
1148,5.59475751738555
1149,5.59067411530802
1150,5.59087781269791
1151,5.58685595965674
1152,5.58245067075855
1153,5.57820256540885
1154,5.57405832451323
1155,5.57040892016968
1156,5.56563523197826
1157,5.56132297867583
1158,5.55675133836312
1159,5.55272180262001
1160,5.54853071922657
1161,5.54387561133136
1162,5.61513820401082
1163,5.61054309592537
1164,5.60630381535244
1165,5.60149388898756
1166,5.60353599339967
1167,5.64533745426069
1168,5.64087418945124
1169,5.63802897394339
1170,5.63402770720745
1171,5.62951742184469
1172,5.62504855516478
1173,5.62040228386421
1174,5.61597859661262
1175,5.61162416921852
1176,5.60757198937528
1177,5.60284967717101
1178,5.59819814326423
1179,5.59527947992705
1180,5.59075404813197
1181,5.58682160255944
1182,5.58211432148915
1183,5.57809305365545
1184,5.57370905970138
1185,5.56902681234945
1186,5.56507567923154
1187,5.56085674629854
1188,5.5567209159169
1189,5.55222550198645
1190,5.55026756954103
1191,5.54620633844616
1192,5.54222599201095
1193,5.53798345908516
1194,5.53369802414165
1195,5.5293294512821
1196,5.52505910118179
1197,5.52044500493657
1198,5.51611577409775
1199,5.51172150143581
1200,5.50768785638749
1201,5.50385475583602
1202,5.49929619050438
1203,5.49555422138152
1204,5.49169149084587
1205,5.48920415242129
1206,5.48466846683868
1207,5.48070132081181
1208,5.48185777811331
1209,5.47741735348382
1210,5.47319722925675
1211,5.46915637974602
1212,5.46464707599792
1213,5.46021441819276
1214,5.45637620516453
1215,5.45213955242798
1216,5.44775255743577
1217,5.44396214211559
1218,5.44027633463897
1219,5.43664131287831
1220,5.4322523914778
1221,5.42782096923813
1222,5.42375617224954
1223,5.41960919818024
1224,5.41596714769305
1225,5.4285454777169
1226,5.42468873603048
1227,5.4205318969926
1228,5.43553966150033
1229,5.43144934332957
1230,5.42766194509645
1231,5.4232644104626
1232,5.41931980610319
1233,5.41569884671991
1234,5.41154208870537
1235,5.40722639102554
1236,5.40311168656181
1237,5.39927528590253
1238,5.39568422958759
1239,5.39136456336872
1240,5.38747677232587
1241,5.38353413238462
1242,5.37950800404124
1243,5.37526576308791
1244,5.37160764949378
1245,5.36743902445449
1246,5.36354340979552
1247,5.36000494866415
1248,5.35582477872349
1249,5.35193202225447
1250,5.34801413342901
1251,5.3439986474426
1252,5.33983283244525
1253,5.33566318934277
1254,5.33274452980328
1255,5.33249806780801
1256,5.32825466046617
1257,5.32404787238988
1258,5.32029654759622
1259,5.31664821939066
1260,5.31312649128877
1261,5.30929729946661
1262,5.30582993730628
1263,5.3017659666949
1264,5.29774221387095
1265,5.29355428052806
1266,5.28963047844514
1267,5.28585555492278
1268,5.28209291669049
1269,5.27824871271634
1270,5.27447413940848
1271,5.27101103295983
1272,5.26723045742151
1273,5.26326910749659
1274,5.25944395501815
1275,5.25602519983627
1276,5.25225358564643
1277,5.25069377150305
1278,5.2505687867924
1279,5.24705883188479
1280,5.24296677849598
1281,5.23924035016977
1282,5.23576537267993
1283,5.23168449976187
1284,5.22784890286606
1285,5.22711972986989
1286,5.78820289352554
1287,5.78383265012546
1288,5.77936400474214
1289,5.77556160292542
1290,5.77167347955208
1291,5.7675185023455
1292,5.86316087396689
1293,5.86522812945103
1294,5.86128418407321
1295,5.85721057333099
1296,5.85288508142751
1297,5.84897935964948
1298,5.8448041981504
1299,5.8408668920464
1300,5.83707461367909
1301,5.83312638689219
1302,5.82911516347062
1303,5.824998099717
1304,5.82067166706067
1305,5.81716534571972
1306,5.81327896783642
1307,5.80885262175596
1308,5.80490294041161
1309,5.80064337678973
1310,5.79681927334375
1311,5.7924373814084
1312,5.78824079231581
1313,5.78383723430121
1314,5.78015765572167
1315,5.77629325912019
1316,5.77245288973029
1317,5.76881470140092
1318,5.76479859701886
1319,5.76093052355978
1320,5.7572960853179
1321,5.7535281736311
1322,5.74918918215245
1323,5.74550456165649
1324,5.74246486746521
1325,5.73835275925877
1326,5.73471040895958
1327,5.73038890148828
1328,5.72659020899948
1329,5.72300181472076
1330,5.71931227498226
1331,5.7154016406009
1332,5.71125822895915
1333,5.70729737270682
1334,5.7036764949251
1335,5.69989000363408
1336,5.7040773346652
1337,5.70025219076362
1338,5.69652130458186
1339,5.69276905798254
1340,5.68902358301752
1341,5.68493288183754
1342,5.68072694838724
1343,5.6765220848144
1344,5.67269047374999
1345,5.66941511848183
1346,5.66529601851037
1347,5.66154752295202
1348,5.65760818416299
1349,5.65345129232592
1350,5.64962791978283
1351,5.64559530751363
1352,5.64144691941329
1353,5.63752697318306
1354,5.63375071845168
1355,5.63011634390081
1356,5.62616995758347
1357,5.6222061598157
1358,5.61823271123448
1359,5.61411393263916
1360,5.61030041612582
1361,5.60624206208619
1362,5.60249905820446
1363,5.59854236154605
1364,5.59490243230424
1365,5.59080650177053
1366,5.58724104147424
1367,5.58407742660066
1368,5.58037663093351
1369,5.57666498406502
1370,5.57330746770379
1371,5.56952258869375
1372,5.56546359683016
1373,5.56167974376483
1374,5.55829496380418
1375,5.55474774476042
1376,5.55139370255585
1377,5.54780386310299
1378,5.54383808339379
1379,5.54249214604826
1380,5.82856066938198
1381,5.82499921249888
1382,5.82148203557507
1383,5.81743063935733
1384,5.81329498157452
1385,5.80956143848661
1386,5.80582965816229
1387,5.80192561318529
1388,5.79813055941587
1389,5.79448591235185
1390,5.79094433893856
1391,5.78738362905665
1392,5.79238345580503
1393,5.79778800667492
1394,5.79418036118203
1395,5.79031809368196
1396,5.78646675437437
1397,5.78256184740036
1398,5.77873757549486
1399,5.77487938660697
1400,5.77121414814407
1401,5.7676585055514
1402,5.76392959499658
1403,5.76013623399729
1404,5.75604208936502
1405,5.75199783787766
1406,5.74813606893097
1407,5.74456063302272
1408,5.74088444174202
1409,5.7372681734184
1410,5.73378077803556
1411,5.73030994053847
1412,5.72625212121397
1413,5.72278131644313
1414,5.72010616418872
1415,5.71658632395778
1416,5.71309080081369
1417,5.71377954694768
1418,5.71002030591002
1419,5.70661285960512
1420,5.70284550252909
1421,5.69892443560849
1422,5.70337798138847
1423,5.69965663841696
1424,5.69605029829762
1425,5.6925564539862
1426,5.6891752171148
1427,5.68519877237255
1428,5.68142880967236
1429,5.67772911816035
1430,5.67377681141128
1431,5.67020089865465
1432,5.66680350430883
1433,5.66285069581817
1434,5.65939239253008
1435,5.65569047068203
1436,5.65221870759685
1437,5.64850026133125
1438,5.64465628736942
1439,5.64096659812999
1440,5.63738711269779
1441,5.63400652519642
1442,5.6301839111316
1443,5.62674287648059
1444,5.62335467898357
1445,5.61990506316952
1446,5.61949803189865
1447,5.61611730064209
1448,5.61224443916894
1449,5.60882087882468
1450,5.60542507484889
1451,5.60201848531898
1452,5.62154141953565
1453,5.61770168324475
1454,5.61408666941169
1455,5.61024355408793
1456,5.60667393176984
1457,5.60287597698274
1458,5.59959895353603
1459,5.59597367112096
1460,5.59265156794379
1461,5.58928859144515
1462,5.585924141944
1463,5.58219404875713
1464,5.578470910743
1465,5.57515822710999
1466,5.57135526043196
1467,5.56792929612282
1468,5.56466456651634
1469,5.56096022733326
1470,5.55754994524931
1471,5.55384064844028
1472,5.55051911677084
1473,5.54720678530497
1474,5.59023874363897
1475,5.58647928452227
1476,5.5829294935856
1477,5.58014072626365
1478,5.57817245329708
1479,5.57501794488468
1480,5.57140383498153
1481,5.56794654571136
1482,5.56553609129994
1483,5.56178415927133
1484,5.55814683710534
1485,5.5544601179991
1486,5.55112834727477
1487,5.54739540663391
1488,5.54417820380552
1489,5.54091422283671
1490,5.53723239420938
1491,5.53361908429188
1492,5.53018578784144
1493,5.52705539026949
1494,5.52381019982779
1495,5.53102193390719
1496,5.52780691816743
1497,5.52415286395901
1498,5.52068839687194
1499,5.51719420604915
1500,5.51368477629365
1501,5.51056757468059
1502,5.5075311264421
1503,5.50440561293802
1504,5.50113820709363
1505,5.49810025188415
1506,5.50054603359043
1507,5.49800741642725
1508,5.4943622468634
1509,5.53421912783372
1510,5.53056911372189
1511,5.52739555251922
1512,5.5241143782671
1513,5.52071723221913
1514,5.51735231820687
1515,5.51387520504501
1516,5.51060867028417
1517,5.5071706907212
1518,5.50399486070212
1519,5.50042827194777
1520,5.49746204783457
1521,5.49385249081384
1522,5.49089069629079
1523,5.4872871695546
1524,5.48370310483157
1525,5.48042402026069
1526,5.50477962390464
1527,5.50117768140588
1528,5.49796692625811
1529,5.49445655058449
1530,5.53021981174326
1531,5.52665318227859
1532,5.52386891285141
1533,5.52135708137276
1534,5.51848095451828
1535,5.51520133515859
1536,5.51351524834155
1537,5.5101711070359
1538,5.50718782078744
1539,5.50362573250785
1540,5.5001061715343
1541,5.49865065465694
1542,5.49613436268353
1543,5.49282515880735
1544,5.48962167568532
1545,5.48640392844523
1546,5.48345693326144
1547,5.48044666942474
1548,5.4773982298431
1549,5.47434318172844
1550,5.4712909232926
1551,5.46905362198193
1552,5.46570517682894
1553,5.46219024370783
1554,5.47021684529784
1555,5.46692668968511
1556,5.46394407127821
1557,5.46099981402746
1558,5.45809371302886
1559,5.45516169333918
1560,5.45485626708526
1561,5.45182446841763
1562,5.44842383263684
1563,5.44503617112328
1564,5.44288462639471
1565,5.4399870181002
1566,5.43676337985942
1567,5.43354901101214
1568,5.43029307170649
1569,5.42685966852792
1570,5.4238548609065
1571,5.42167859618725
1572,5.41877110765428
1573,5.4156255396647
1574,5.41244374498448
1575,5.40909090954134
1576,5.41032855425867
1577,5.40720258950248
1578,5.40393773479822
1579,5.40103714398763
1580,5.39774197162996
1581,5.3946050248928
1582,5.39160520963126
1583,5.38866372653999
1584,5.3854724981628
1585,5.38267530165519
1586,5.37990091374668
1587,5.37661395887478
1588,5.37369332705838
1589,5.37056267043868
1590,5.36749589314556
1591,5.36427697495144
1592,5.36113148800415
1593,5.35787827171998
1594,5.354520365089
1595,5.35155434152533
1596,5.48752828971457
1597,5.48431076755485
1598,5.48148995344122
1599,5.4781159951617
1600,5.48167543741975
1601,5.47833286295301
1602,5.47497222358592
1603,5.47155723836324
1604,5.46864948410496
1605,5.46566982240153
1606,5.46287631849047
1607,5.46000610830963
1608,5.45702969846041
1609,5.45393760102847
1610,5.45112787996461
1611,5.44807016182382
1612,5.44485382097996
1613,5.44151445955967
1614,5.45322416223648
1615,5.45002105078034
1616,5.44733497654149
1617,5.44396891901024
1618,5.44095413726128
1619,5.43816514911976
1620,5.43530717994067
1621,5.43245097285625
1622,5.42961086256619
1623,5.42639911240435
1624,5.42353111241869
1625,5.42651949229817
1626,5.42321866654444
1627,5.42109389177532
1628,5.41817312607555
1629,5.41521137033308
1630,5.41229767616123
1631,5.40902368417171
1632,5.40580989615488
1633,5.40424974929361
1634,5.40118678594328
1635,5.39815712990386
1636,5.39530941018583
1637,5.39475192249505
1638,5.39189584398093
1639,5.38894825917471
1640,5.39182932174114
1641,5.38904659736334
1642,5.38595151660409
1643,5.38327228178642
1644,5.38011938128131
1645,5.37698698348351
1646,5.37423836806057
1647,5.37151637057549
1648,5.36860744410751
1649,5.36646808177666
1650,5.36333106603327
1651,5.36094973050773
1652,5.35801247687819
1653,5.35515402284482
1654,5.35214793534381
1655,5.3489904190171
1656,5.34632936861225
1657,5.34317957745648
1658,5.3402971123815
1659,5.33725333898221
1660,5.33410638374085
1661,5.33122569498562
1662,5.32809178217806
1663,5.32513491163057
1664,5.32228853378214
1665,5.31950733505883
1666,5.31682181572374
1667,5.31397648892106
1668,5.31102444066491
1669,5.30794621828008
1670,5.3050239661631
1671,5.31682431496973
1672,5.31405353703323
1673,5.3114260198139
1674,5.30846248672507
1675,5.30535539289327
1676,5.30238654865392
1677,5.2998176178365
1678,5.29718315986751
1679,5.2943884288413
1680,5.29123794908238
1681,5.28816113411602
1682,5.28535841349369
1683,5.28363672543178
1684,5.28105577899576
1685,5.27799061749358
1686,5.27505756916475
1687,5.27249743299377
1688,5.26991037212589
1689,5.26716912062165
1690,5.26439371374745
1691,5.26156582840077
1692,5.25876212646139
1693,5.25565954734128
1694,5.25262569351285
1695,5.25010354798386
1696,5.24704136739823
1697,5.24436234563647
1698,5.24904084138883
1699,5.24651276419259
1700,5.24402533116189
1701,5.24149649749422
1702,5.23879239458026
1703,5.23597777123423
1704,5.23309661393314
1705,5.23009248747623
1706,5.22737776407638
1707,5.22441009527257
1708,5.22185695015155
1709,5.21906374339579
1710,5.21650561835792
1711,5.21363537870043
1712,5.21059533670414
1713,5.20762268384074
1714,5.20469094740284
1715,5.20212591360144
1716,5.19917385276597
1717,5.19634033072713
1718,5.1937399995961
1719,5.19078549566054
1720,5.18826283424995
1721,5.18551379636791
1722,5.18444513292809
1723,5.18144662065808
1724,5.17898708569743
1725,5.17601120892776
1726,5.17304191599307
1727,5.17036103952023
1728,5.16766846395898
1729,5.16511425348843
1730,5.16269634292338
1731,5.15999377081556
1732,5.15717318518932
1733,5.15436709682915
1734,5.15194399436144
1735,5.14898719879298
1736,5.14724634086403
1737,5.14444564384781
1738,5.14190392229089
1739,5.13935684063457
1740,5.13680642022082
1741,5.13416969426525
1742,5.13123526994223
1743,5.14445180026609
1744,5.14214405937043
1745,5.13958078634518
1746,5.13719022134392
1747,5.13433151258065
1748,5.13196534527473
1749,5.12924000899022
1750,5.12650238492851
1751,5.12370240926121
1752,5.12089996213714
1753,5.11853356260028
1754,5.1287161096057
1755,5.12632647099791
1756,5.12356689173904
1757,5.12112647623159
1758,5.11826939514233
1759,5.11583561927806
1760,5.11307110463619
1761,5.11023153988937
1762,5.1077313408123
1763,5.1048396129524
1764,5.10248966672324
1765,5.10975578710081
1766,5.10692144724853
1767,5.10427543572795
1768,5.1016201415697
1769,5.09891168211084
1770,5.09611438250759
1771,5.09379117467214
1772,5.09376229064088
1773,5.09145107654772
1774,5.08871590571502
1775,5.08601786913098
1776,5.08318548298931
1777,5.08050807338461
1778,5.07820942145019
1779,5.07553954652869
1780,5.07290058541473
1781,5.07045757859972
1782,5.06769452859043
1783,5.06498344799357
1784,5.06258839703651
1785,5.06015194115237
1786,5.05780651088237
1787,5.05544843978241
1788,5.05302519101201
1789,5.05047519421395
1790,5.12241641690845
1791,5.11957454204435
1792,5.11696138222958
1793,5.11419907417033
1794,5.12446166444323
1795,5.12203710287483
1796,5.12179852377497
1797,5.11903681196898
1798,5.11637369810826
1799,5.11397565251697
1800,5.11139228446446
1801,5.10921502812072
1802,5.10664082953171
1803,5.10431604709983
1804,5.11128695914658
1805,5.10869690659562
1806,5.10608332688178
1807,5.10327108736458
1808,5.11016509385985
1809,5.10756605874795
1810,5.10497737207643
1811,5.10226618805826
1812,5.1031583642156
1813,5.10037403519462
1814,5.09778326890117
1815,5.09506126039518
1816,5.09246839394154
1817,5.09021047887884
1818,5.0876596465919
1819,5.08507091719153
1820,5.08281809779568
1821,5.08101379911921
1822,5.07865597977916
1823,5.07615300690577
1824,5.07337868050927
1825,5.07105896745391
1826,5.06846584082986
1827,5.06600183655704
1828,5.06366670754177
1829,5.06091472031626
1830,5.05863210730946
1831,5.05588078516482
1832,5.05366223970974
1833,5.05129824497609
1834,5.048653668789
1835,5.05602518263805
1836,5.05362030466183
1837,5.05131138616898
1838,5.04869674416017
1839,5.04611275301052
1840,5.04376693793732
1841,5.04136830717362
1842,5.03866126474615
1843,5.0362766668084
1844,5.03377818013643
1845,5.03114241179055
1846,5.02873267513968
1847,5.02628267856425
1848,5.02845832513527
1849,5.02627834978306
1850,5.0239886099933
1851,5.02156136900832
1852,5.01922868033428
1853,5.02059402900688
1854,5.01801709838934
1855,5.01534063079175
1856,5.01316120392369
1857,5.0109541137502
1858,5.00852183220656
1859,5.00628894187559
1860,5.00359820743531
1861,5.00140071985597
1862,4.99887687299143
1863,4.99619445357769
1864,4.99384782793032
1865,4.99166626424709
1866,4.99132460719236
1867,4.98885447244813
1868,4.98662727571994
1869,4.98493423570096
1870,4.98276689218785
1871,4.98054293738566
1872,4.98081945703918
1873,4.97836445760613
1874,4.97606923437526
1875,4.97342817095708
1876,4.97077989145307
1877,4.96825695801221
1878,4.965738940583
1879,4.96346890729713
1880,4.96135305181352
1881,4.9592100583801
1882,4.95680031833466
1883,4.95417278539224
1884,4.95163009835204
1885,4.94900351395983
1886,4.94738244803118
1887,4.94509607923757
1888,4.94257505461262
1889,4.94082233595975
1890,4.93828251638931
1891,4.93579516949217
1892,4.93459136412591
1893,4.93232866916469
1894,4.93001176768673
1895,4.9276554799235
1896,4.92542054077622
1897,4.92282524528346
1898,4.92059277638246
1899,4.91833290554265
1900,4.91585616158514
1901,4.91353167847631
1902,4.91095652330578
1903,4.90861387354504
1904,4.90618795441889
1905,4.90398645970841
1906,4.90162606505638
1907,4.89944122078976
1908,4.8969359612262
1909,4.89482448030204
1910,4.89244838760464
1911,4.89038174954446
1912,4.88808283667136
1913,4.88592427920945
1914,4.88337402953977
1915,4.8813176692129
1916,4.87903347478231
1917,4.87651257069434
1918,4.87407470543996
1919,4.87192870891951
1920,4.86946780412053
1921,4.8669368016588
1922,4.86455644490493
1923,4.86226459936031
1924,4.86187053423041
1925,4.85947730510086
1926,4.85740800070209
1927,4.85532550231492
1928,4.88228590599047
1929,4.87975552981661
1930,4.87740521263597
1931,4.87539496694191
1932,4.87299101116182
1933,4.87055089774121
1934,4.86827364627921
1935,4.86601191943693
1936,4.86399542835086
1937,4.86155221869095
1938,4.85904504791677
1939,4.85654195044389
1940,4.85412734001855
1941,4.85174480573761
1942,4.84968120002895
1943,4.84728206591966
1944,4.85001339525725
1945,4.84800042969584
1946,4.84597751854222
1947,4.84372368242696
1948,4.84141783800479
1949,4.83893474825746
1950,4.83681525884392
1951,4.83474331720623
1952,4.83235198069244
1953,4.83006666164338
1954,4.82773052379263
1955,4.82565693527527
1956,4.82328038485724
1957,4.82092306844562
1958,4.8184654098057
1959,4.81608773486266
1960,4.81364964106921
1961,4.81127783107698
1962,4.80900906232808
1963,4.80679152745218
1964,4.80446337956658
1965,4.80244086440242
1966,4.80026172087452
1967,4.79784187717635
1968,4.79594153172461
1969,4.79384030404769
1970,4.7914145126673
1971,4.78922989954707
1972,4.78835071234265
1973,4.78592584048169
1974,4.78354262439335
1975,4.7813818736132
1976,4.77908888562338
1977,4.77667325776841
1978,4.77442786548425
1979,4.7720952002053
1980,4.76982827258914
1981,4.7676565492402
1982,4.76631260490737
1983,4.76431444083171
1984,4.7627032026087
1985,4.76058311868162
1986,4.75859145078183
1987,4.75662068923618
1988,4.75456641642182
1989,4.75217637540131
1990,4.7499511989703
1991,4.74762636248392
1992,4.74529306387874
1993,4.74313497176365
1994,4.74078895133617
1995,4.73868156486717
1996,4.73674356837106
1997,4.73453501640692
1998,4.73226241383535
1999,4.72989514977063
2000,4.72769076636386
