U_uniform,X_pareto
0.0734371202008631,1.03887322023864
0.0887927848779613,1.04759019519805
0.122701930465165,1.06764387564004
0.770358327527597,2.08677031168151
0.132339240907225,1.07355678674318
0.340990961923052,1.23184003488721
0.337787866239475,1.22885724117603
0.733813287993238,1.93823670690989
0.975794202692562,6.42747363456013
0.512883641167412,1.43279363198396
0.351643011683004,1.24191794340112
0.395106329913765,1.28576168557608
0.655943629626657,1.70484617007387
0.733572109430184,1.93735923312004
0.142172409842479,1.07969227694245
0.398905713046105,1.28981879130585
0.850259366915436,2.58422407152741
0.598910339530812,1.57898958963132
0.87655378154453,2.84617175633088
0.516246866866153,1.4377656533534
0.191741627407482,1.11230757272224
0.619987460942503,1.62218744744726
0.385087991085625,1.27524465716385
0.58621929950574,1.55458647412573
0.388247117212162,1.27853313455291
0.574227193156252,1.53253725138136
0.892906611254248,3.05575597371422
0.575055547524994,1.53403022989122
0.38533466838308,1.27550052188779
0.0167099529303488,1.00846116461801
0.0135412003479197,1.00684014694927
0.212520303994512,1.12688686690929
0.11110782205701,1.06065820946538
0.405326486913672,1.29676327427543
0.82157560458583,2.3674067583621
0.688788982709103,1.79255511817499
0.046411134011339,1.02404587892675
0.083337046635666,1.04446805124123
0.732681499356791,1.93412924496988
0.980709135074777,7.19986162818425
0.948721842771179,4.41604810052903
0.834140575699403,2.45544337432668
0.191198386850042,1.11193396312935
0.763468027058718,2.05615131982956
0.538806711400232,1.47251087419097
0.555090729251159,1.49921622035014
0.0585702075527003,1.03063771535939
0.280884759103305,1.17923606625815
0.195302727649013,1.11476605387113
0.313104088465601,1.20657558818577
0.83059976442935,2.42964596439548
0.683359357838302,1.77711965897671
0.935413455795682,3.93485720183825
0.248585672746889,1.1536133261846
0.251717136954989,1.15602466516486
0.576555087228454,1.5367440495933
0.899899352775196,3.16068748806305
0.278036195513771,1.17690738379582
0.194371555719413,1.11412162591667
0.868050900222165,2.75294024153126
0.357261632050653,1.24733436359963
0.335962159482203,1.22716676734393
0.451119413894421,1.34977402073361
0.538035910445541,1.47128189702649
0.557905340300189,1.50398105465382
0.0681078598485814,1.03589843179421
0.274340848323019,1.17390691701771
0.574969643519544,1.53387519861115
0.383629536086679,1.27373502247725
0.861604047070843,2.68805595499256
0.0622878121272438,1.03267870058894
0.548689757322498,1.48854649664333
0.996706830350187,17.4258089335064
0.129072547964414,1.07154153560691
0.449331244315565,1.34758069904302
0.619296652001045,1.62071500122404
0.861862695107983,2.69057133362355
0.974344456631126,6.24323081674881
0.472660855239274,1.37706675822321
0.103008182888899,1.05585859464968
0.359481491315794,1.24949395133135
0.02293004231107,1.01166603600475
0.234667471163063,1.14307549293224
0.58020872523677,1.54341705929402
0.91529533111209,3.43594596581284
0.908286950226952,3.30205598495545
0.0302460174657289,1.01547494885318
0.802520964889312,2.25029524094747
0.213300133590486,1.12744525143379
0.741533442600546,1.96697038344949
0.663534112622743,1.72396911081763
0.587723068796186,1.55741905022981
0.33430695410152,1.22564017994529
0.508183301980789,1.42593052192944
0.318593971685039,1.21142634563817
0.745440595042904,1.98200810651032
0.944472180157579,4.24370013781346
0.200092821069209,1.11809885508851
0.336290059648782,1.22746986548677
0.711596184635841,1.86208498970002
0.651552805844788,1.69407063367508
0.975006562023708,6.32538552141338
0.125407229153091,1.06929382381822
0.879369517139481,2.87919756855211
0.218765290494802,1.13138192156186
0.230179202834661,1.13973839851629
0.331537451479445,1.22309857395345
0.29172189334995,1.1882233736297
0.24151157345706,1.148221093291
0.601350549378905,1.58381486604782
0.293149449186536,1.18942263677977
0.706307034474377,1.84524156072411
0.251192765059556,1.15561982598978
0.815263032880373,2.32660734761438
0.514741093507706,1.43553320457774
0.86366302781899,2.70827759918827
0.489094167828417,1.39903819032412
0.43030326942207,1.32488485752423
0.300404666699098,1.19557423720743
0.958479517925287,4.90759602891763
0.736808663131435,1.94923501840534
0.667710471678198,1.73476907823238
0.269507148528544,1.17001657669041
0.204986582453432,1.12153484391836
0.704055053789557,1.83820750961874
0.0455170370811206,1.02356613710295
0.869744653686131,2.77078112856498
0.952459181009744,4.5863444695386
0.386271591776105,1.27647374596902
0.877354879135478,2.85545198772588
0.848941532660657,2.57292699163094
0.58650706968146,1.55512733683642
0.491421501521704,1.40223564381914
0.362729213436462,1.2526738021554
0.594312644779468,1.57001667218734
0.644017626055106,1.67604530006545
0.0713575171730536,1.0377093413425
0.0648594509357154,1.03409766020554
0.693414689762368,1.80602737511958
0.0346398234426396,1.01778327614594
0.388608514724871,1.27891095338468
0.733506318412652,1.93712007416089
0.943010320466362,4.18891832456367
0.238474429881864,1.14592911751215
0.766770277731595,2.07065646390583
0.0930868995814469,1.05006736754684
0.890424491358235,3.02094801799164
0.698325891491212,1.82066893011895
0.221722723403638,1.13352949389141
0.440423995523573,1.33681237901897
0.434180013481809,1.32941586723891
0.617146968951791,1.61615851652111
0.763501884739359,2.05629849652739
0.826472727290003,2.40057970099416
0.474993663715524,1.38012279028068
0.00929026864030902,1.00467775285684
0.623396000554076,1.62951189893505
0.553143079971357,1.49594544630656
0.119115244629187,1.06546810348098
0.321945200545328,1.21441634219062
0.605591372113569,1.59230697170388
0.353945548092449,1.24412907122226
0.581109254288972,1.54507518342558
0.93947170577949,4.06462779353694
0.50177465137895,1.41672999910339
0.804252470510623,2.26022594164744
0.932105199333231,3.83779472155702
0.851118687216632,2.5916712152588
0.110439931875108,1.0602599585497
0.72585117513425,1.9098831874839
0.907234977187708,3.28327962920311
0.123841145792938,1.06833774591052
0.21387844074889,1.12785987547251
0.454302236301292,1.35370462588557
0.700305882903049,1.82667334275708
0.852538629558916,2.6041192452608
0.994703012005987,13.7399611804152
0.355388664366311,1.24552093253688
0.927607275425747,3.71665747809257
0.634485667331497,1.65404680347911
0.922924166917103,3.60197659253379
0.35962545957481,1.2496343983261
0.366455627746104,1.256352421842
0.616405103646205,1.61459495011074
0.830933713271339,2.43204436444923
0.683742434204815,1.77819562772608
0.577170456104289,1.53786190033442
0.53820702972694,1.47155446655263
0.445282312060385,1.34265363793229
0.48571343895271,1.39443222960429
0.449626760064085,1.34794243345173
0.778512607487197,2.12483638665633
0.952621246673602,4.59418188993069
0.7290907967237,1.92126875702622
0.0623701030981052,1.03272401605331
0.389291294671931,1.27962567287003
0.873003150662747,2.80610247395898
0.242013267775758,1.14860102125448
0.52192633005934,1.44628068837655
0.553085787602084,1.49584955653229
0.971431825957834,5.91641675784661
0.552076696451102,1.49416366563632
0.646975110259818,1.68305123545533
0.48535685238115,1.39394905794299
0.73643774977593,1.94786294814507
0.362036270085907,1.2519933027957
0.0446253479430551,1.02308835811359
0.918333711524154,3.49927916354815
0.635224400677147,1.65572082103635
0.146126862362596,1.08218952140639
0.205832963800546,1.12213232111732
0.578171298648042,1.53968520649012
0.419659186956761,1.3126787145231
0.766280904970414,2.06848750577323
0.559172279746181,1.5061407258042
0.452334187432516,1.35127015350043
0.859710303239463,2.66985153470372
0.127263621478332,1.07043046394932
0.21563889561109,1.12912487543679
0.38628111635729,1.27648365101755
0.747486069927025,1.99001948787668
0.00597155796761395,1.00299921819222
0.475375675134686,1.38062517522532
0.817939230355194,2.34364491682861
0.951056051952433,4.52012557944161
0.506501880174352,1.42349927011555
0.693374737829879,1.80590971254711
0.988903536827112,9.49309248463582
0.265710047779804,1.16698750820125
0.881094747227465,2.90000989511596
0.992511019404115,11.5554974839702
0.568456782795576,1.52225655384438
0.311253348186101,1.2049533950511
0.542734359265623,1.47882136145437
0.16254975206743,1.09274918752896
0.472665872747174,1.37707330950308
0.177566780898594,1.10268045848533
0.0586582409047116,1.03068590634356
0.134689799921203,1.07501392153867
0.373834186719755,1.26373299181269
0.272840150425901,1.17269494862334
0.573359821766642,1.53097861328752
0.550032524783065,1.49076586023582
0.831131670711501,2.43346944003306
0.449415490792725,1.34768379364718
0.0130194658912256,1.0065739954811
0.636382035318359,1.65835434968997
0.622687880424195,1.62798208844555
0.727286472734945,1.91490247168993
0.340494267330602,1.23137607870173
0.020823454077448,1.01057720720716
0.39361077473345,1.2841751512376
0.338475043482939,1.22949533014008
0.164618539289529,1.09410142466962
0.251638393257518,1.15596384426599
0.309681779605356,1.20358102369884
0.757732904443635,2.03166820289049
0.997455566495847,19.8246006333958
0.630954361857855,1.64611420136563
0.108246889941626,1.05895543499873
0.686451065388429,1.78585969281199
0.440761149938347,1.33721528761902
0.947624974019859,4.36956168145125
0.0458017376811567,1.02371882453251
0.432301760688215,1.32721483185035
0.875783171144634,2.8373295494243
0.453563515236325,1.35278928773108
0.826574209359433,2.40128196150217
0.399987076344186,1.29098054532048
0.295302066076459,1.19123789608796
0.665787882617991,1.72977216412846
0.0843460114039651,1.0450433456933
0.693152074401852,1.80525436671002
0.294349547386805,1.19043363136767
0.16448338578092,1.09401292994418
0.0242117187029817,1.01233021849488
0.0400285567282525,1.02063590649246
0.0379909290560899,1.01955443104939
0.939581065994883,4.06830468403855
0.378752079926398,1.26872508321968
0.166615085397799,1.09541121391471
0.680540323759715,1.76926129327614
0.194748503061911,1.11438236188028
0.527085259634249,1.45414788036768
0.878622973886223,2.8703294948545
0.360375746024043,1.25036710112919
0.911629293200849,3.36392136924056
0.419724753545713,1.31275287367008
0.826605934516387,2.40150162750572
0.674978123900731,1.75405700587638
0.68230429798237,1.77416631892462
0.524855158621417,1.45073133189358
0.896741098457521,3.1119760761849
0.734237237683977,1.9397820464502
0.539074128361493,1.4729379681228
0.940794696175494,4.10979058533812
0.60262422021449,1.58635106107996
0.621088003587995,1.62454154553384
0.74909001796462,1.99636997862076
0.487060182856964,1.39626159827908
0.314915357734765,1.20816954501929
0.836060768686997,2.46978161141501
0.840549681639541,2.50430548464287
0.400005002340859,1.29099983043136
0.229466157578359,1.13921092450173
0.708372367582937,1.85176411607303
0.863452298358767,2.70618699557251
0.318306026839354,1.21117046775958
0.231236891280428,1.14052217297784
0.472108247602204,1.37634579899261
0.716399377256595,1.87778735380201
0.94237749031815,4.1658527529468
0.176455427080858,1.10193618677751
0.151627474293397,1.0856921612527
0.734021954087138,1.93899685421521
0.721707716335627,1.89561186203294
0.335671028764295,1.22689784553905
0.409502950509852,1.30134106342039
0.00389299016853595,1.00195219684937
0.919787354175863,3.53084439939457
0.755765000757549,2.02346664780098
0.972667379910229,6.04866270734529
0.462981622280969,1.36460018512167
0.648795909477659,1.68740844083214
0.368895680635225,1.25877881068134
0.678661506901746,1.76408141104278
0.0204214089648596,1.01036980203918
0.14986474812848,1.08456600453619
0.914857889422351,3.42710802692647
0.351144856762285,1.24144111407232
0.61146396956531,1.60429544563406
0.121645868360819,1.06700185819829
0.655174616527213,1.70294407574418
0.283654690674638,1.18151377483155
0.254604838143411,1.15826175166186
0.838824292618986,2.49086509898274
0.0581559500599784,1.0304110343323
0.120217146112549,1.06613512801769
0.968019721525389,5.59189334473759
0.89671884771877,3.11164083836568
0.267660459453849,1.16854047132957
0.938388264560977,4.02873108087062
0.0850421547633469,1.04544082939304
0.181123033221428,1.10507224736558
0.466568144526559,1.36917993597386
0.400925631315125,1.29199142316383
0.0323491963717857,1.01657791195167
0.128950638217317,1.07146654793436
0.80411558796796,2.25943608925791
0.01939345054129,1.00984008373111
0.325811744911437,1.21789376962159
0.099721013545958,1.05392921494965
0.0639920174452362,1.03361838071256
0.505155233822143,1.42156102990191
0.645114561645471,1.67863359341578
0.780045341871243,2.13222690023671
0.910171707448385,3.33651765805675
0.670966367603678,1.74333100467339
0.675805989758083,1.75629516883207
0.972941683309541,6.079244524189
0.673849915531114,1.75102058763029
0.0552632753252049,1.02883232516174
0.31011749549977,1.20396104247144
0.543488035290909,1.48004158420344
0.548837278744242,1.48878983960751
0.357182124507751,1.24725722234317
0.857049769397992,2.64488972752622
0.976066528337273,6.46393752378818
0.118054212155233,1.06482700031379
0.210097395921082,1.12515726111945
0.827851148527016,2.4101714364816
0.296075121745048,1.19189182986867
0.533194193937458,1.4636319304745
0.0295500989651949,1.01511078036726
0.560925257722029,1.50914431639507
0.761638544892734,2.0482453897839
0.462561705446399,1.36406697919929
0.00692115534832838,1.00347864530851
0.713766897495102,1.86913242283617
0.541774366796856,1.477271468127
0.834003351370286,2.4544282446926
0.389430578505673,1.279771619424
0.436805944975964,1.33251151004377
0.0385633588639226,1.01985790216596
0.322273936726312,1.21471083742426
0.780577153564346,2.13480925883704
0.083423437740786,1.04451727278301
0.369222622181094,1.25910499055935
0.121477092075072,1.06689936043818
0.967897389008362,5.5812287398462
0.251183227466823,1.15561246646823
0.485414950462144,1.39402774608171
0.685420080086925,1.78293085659296
0.144506387414197,1.08116409455566
0.649036134288774,1.6879858336543
0.534796271770327,1.46615000673408
0.47887434003322,1.38525195238957
0.0581971952994628,1.03043359695601
0.856078784746125,2.63595256842842
0.282306955316963,1.18040388797249
0.997024331989905,18.3319119212575
0.355007835670051,1.24515317601549
0.621572193367309,1.6255804953079
0.576472130379094,1.53659354038604
0.0544138227768021,1.02837010361954
0.521767002282898,1.44603974736748
0.927948176651904,3.72543947625803
0.151979506064649,1.08591748509855
0.4524404747278,1.35140129529796
0.0969146817609075,1.05229040169945
0.427086702989,1.32116040341318
0.776017502410703,2.11296818762365
0.77671845978565,2.11628225477175
0.993287676701907,12.2057246086215
0.308462772572712,1.20251974976481
0.963253102494389,5.21662551219852
0.0122017396407614,1.00615727456283
0.182919964155916,1.10628672321478
0.842597199929089,2.52054103981206
0.950724070568646,4.50487337044799
0.502143388257683,1.41725455164776
0.453649087985452,1.3528952245597
0.492180156264978,1.40328268413537
0.950397177433312,4.49000479706376
0.401225147165913,1.29231451917258
0.621158650126083,1.62469301116213
0.896693147445864,3.11125376339905
0.598084557487842,1.57736664665091
0.945458885516284,4.28191454753418
0.673882506161728,1.7511080797774
0.914828805426996,3.42652283785532
0.695710646618312,1.81282808715339
0.0739676499159357,1.03917076610533
0.178456520486402,1.10327740374144
0.49864606608603,1.41230269058604
0.269342441616514,1.16988469501979
0.06849735691283,1.03611498363777
0.077107601226867,1.04093704728277
0.410522933364363,1.30246644383071
0.361297868139286,1.25126938033171
0.224434275342863,1.13550930176957
0.228888580279585,1.13878419912313
0.718679342394462,1.88538126865724
0.0693098426398246,1.03656714539196
0.0578393574145701,1.03023789614869
0.848652018035344,2.57046492852145
0.751380960755904,2.00554683350922
0.969082034250187,5.68714818107819
0.453674496793732,1.35292668479312
0.451685876581529,1.35047106574129
0.0677433349726708,1.03569588689353
0.867255762104277,2.74468280003612
0.240834411259541,1.14770888265222
0.66516111556875,1.72815247169087
0.282578523723752,1.18062727832517
0.136034920106028,1.07585044871002
0.97764944046451,6.68891689242847
0.663633193289996,1.72422299947373
0.543115061820763,1.47943735225823
0.00260847179215407,1.00130679300204
0.158260224212971,1.08996129201314
0.139569052446687,1.07805765754417
0.332894427006318,1.22434190914642
0.839534320701533,2.4963698028163
0.00341959866772001,1.00171419698814
0.838917940663446,2.49158904910221
0.999495699763462,44.5302787847815
0.123540534222996,1.06815451882358
0.229798752194961,1.13945686965317
0.380473232532301,1.2704862298302
0.0672794913920237,1.03543832815803
0.229149880817981,1.13897719365235
0.817438853403641,2.34043089625649
0.27032537423139,1.17067239599197
0.69993596545366,1.82554703861859
0.693987341282393,1.80771642441188
0.0398777848538013,1.02055576605407
0.533838462678634,1.4646430035007
0.431144504020827,1.32586412839644
0.896354037456044,3.10615987644142
0.853475974189605,2.61243551212653
0.45062127458802,1.34916194026105
0.26127170255531,1.16347654441057
0.0460281838660409,1.02384031840853
0.847649466967873,2.56199342575431
0.509297737739158,1.42754882171178
0.547330863800498,1.48631054063867
0.445968445742929,1.34348477726883
0.0604835634303279,1.03168664525352
0.145642156051112,1.08188249636178
0.105062957554429,1.05707002489188
0.417728825760294,1.31050099406858
0.731182855684449,1.92873036739298
0.469623255584685,1.37311769370993
0.0714413814455163,1.03775620148267
0.169744721381005,1.0974738408199
0.293519493649002,1.18973409734856
0.800448515090312,2.23857947803937
0.040050646418497,1.02064764950851
0.666133746688436,1.73066789883444
0.191487431243412,1.11213270435509
0.495850016583498,1.40838088281755
0.348463340128538,1.23888379267541
0.698997649805591,1.82269942567771
0.858056169414529,2.65424947056905
0.193229388739308,1.11333270052883
0.585717910519859,1.55364546251386
0.623339106734178,1.62938882714913
0.10150302227336,1.05497383769367
0.531489218666404,1.46096632403107
0.277299892899991,1.17630770157327
0.0162042413278092,1.00820193598084
0.735597332158905,1.94476479248156
0.552586047682562,1.49501392703284
0.43705092491091,1.33280141466476
0.656603582221236,1.70648360357664
0.174226546104043,1.10044804001983
0.402547237500586,1.29374359648189
0.0350773621986677,1.01801400405128
0.695597899854333,1.81249233153638
0.0367841723660398,1.0189155608728
0.075177235015539,1.03985011505265
0.367313238587757,1.25720363024751
0.326104612227954,1.21815838230672
0.160686231272052,1.09153540283009
0.176448919389865,1.10193183302548
0.681594960073864,1.77218898666304
0.193195100723497,1.1133090427803
0.141432571130351,1.07922698424984
0.301708860908909,1.19669019982946
0.173586414965963,1.1000217598055
0.770101513427792,2.08560444540207
0.1573785568737,1.08939090848555
0.586241867832042,1.55462887079866
0.329924078216673,1.22162523062368
0.609633548281481,1.60052976987948
0.953112564000014,4.61818958821595
0.213339580609553,1.12747351890201
0.953787137461108,4.651773547077
0.833891062211678,2.45359851126873
0.557133329461489,1.50266960337426
0.880392854883187,2.89148828979342
0.315602486860445,1.20877588870207
0.183816225941351,1.10689397031631
0.713230684220646,1.86738411415364
0.0992940315355754,1.05367937639225
0.103497799458689,1.05614687910576
0.445844638556129,1.3433346908727
0.646490772942496,1.68189787953097
0.984835120083658,8.12045776978197
0.752561843948883,2.01032681095482
0.97088795789863,5.86089127212831
0.681686635148898,1.77244416580461
0.521082767522247,1.4450063910286
0.32152902615269,1.21404382329784
0.902130708662204,3.19651523131648
0.926687960315575,3.69328097350326
0.357767920244979,1.24782591974619
0.0604456760782281,1.03166584375846
0.256469315889374,1.15971307114119
0.525358733500698,1.45150071104182
0.133410598632651,1.07422019671012
0.465384549551473,1.36766346985887
0.906569035521446,3.2715576976121
0.48924154500371,1.39924001901946
0.0161405695229638,1.00816931187136
0.189456103677675,1.11073825612817
0.102701669506165,1.05567824079114
0.76223666862003,2.05082008170828
0.170261942443213,1.09781584523223
0.427800436230608,1.32198412147522
0.476800916617886,1.38250437006001
0.225979956012152,1.13664251494352
0.507109479444637,1.42437639261465
0.124109493695578,1.06850138750534
0.188249772327432,1.10991262250738
0.00402890195894834,1.00202055850757
0.608550332930547,1.59831375131256
0.121489513575562,1.06690690300272
0.604821068382419,1.59075431010496
0.612481509067127,1.60640033072586
0.795402776429135,2.2108034418177
0.196880268931339,1.11586036563099
0.226083811519067,1.13671877812697
0.382699845121215,1.27277550049192
0.470022428718519,1.37363470476245
0.851930539282023,2.59876645762768
0.825523132232331,2.39403817836964
0.532191519298766,1.46206255552095
0.666572772460826,1.73180691479036
0.00333660376506528,1.00167248837146
0.476517628194239,1.38213024047587
0.107686129701172,1.05862264098553
0.993882752355218,12.7856251850098
0.644635563440069,1.67750189095889
0.00580168242215962,1.00291352486767
0.676325443229469,1.75770391082596
0.370874300355054,1.26075670584921
0.183061585771496,1.10638261007771
0.943381642134654,4.20263202329425
0.418298361559017,1.311142383553
0.166697070619396,1.09546509907407
0.112039742263071,1.06121464743578
0.456191534257163,1.35605410555929
0.744445087544694,1.97814390916796
0.167443002318439,1.09595573166537
0.627772144982405,1.63906269229933
0.0787238534196395,1.04184973754716
0.523868411987144,1.44922728686108
0.768998291392352,2.08061825173625
0.418399456544306,1.31125633131487
0.628279595320478,1.64018108563892
0.986448956527386,8.59040482866589
0.893180867360193,3.05967625689378
0.590632044981612,1.5629427788183
0.23951327661249,1.1467115364635
0.822905331803197,2.37627805319682
0.198456677347494,1.11695711709935
0.44011476735192,1.33644316304615
0.593794289301505,1.56901461028111
0.962061044163178,5.13401712548505
0.917370810095898,3.47883036787502
0.492840184437426,1.40419551765161
0.251017674288431,1.15548474256649
0.524405489264142,1.45004534448088
0.983905562454358,7.88246585258704
0.936549463117627,3.96992543210341
0.267913342220684,1.16874227683309
0.793039432367341,2.19814428852067
0.626969898274751,1.63729924159597
0.561857992668561,1.51074982700563
0.876546520544025,2.84608805533464
0.389632493747146,1.27998328209094
0.997643606432334,20.6004205168145
0.367818256724109,1.25770568831246
0.912424263423375,3.37915490309464
0.727852116205825,1.91689144517091
0.0764697072208684,1.04057749101944
0.501444980039767,1.41626151268424
0.230709467013634,1.1401311359223
0.429404625144129,1.32384115002649
0.166710931749614,1.09547421015077
0.225614473859649,1.13637425606815
0.318589616259532,1.21142247404643
0.521682626563148,1.44591220022783
0.416927638259625,1.30960031860017
0.165390567851656,1.09460733933583
0.624643618418064,1.63221775624384
0.811974192706264,2.30616973827036
0.350634453078757,1.24095312954686
0.401919678310021,1.29306466277833
0.332048837036276,1.22356668847243
0.346309391812749,1.23684101168478
0.370060045320477,1.25994162066656
0.498104710995126,1.41154081500516
0.845072801623638,2.54059925443664
0.437289072690328,1.3330834156945
0.905366046012077,3.25069712336394
0.202761983738816,1.11996899543258
0.928616099708951,3.74282794449088
0.25668541816835,1.15988163935652
0.785495183324825,2.15914334340092
0.955233022254281,4.72629812008678
0.580382453571097,1.54373652582949
0.438896476853522,1.33499150511581
0.59265722420473,1.56682318990957
0.260908545476715,1.16319066865353
0.558367682929247,1.50476810378089
0.662914923284402,1.72238500932276
0.905690442642427,3.25628303625945
0.997599109768758,20.4086297908281
0.11275290587966,1.06164106058513
0.437101025353419,1.33286072588927
0.213816463207621,1.12781541806758
0.611398843793864,1.60416100785033
0.604097944276282,1.58930087165938
0.157347720674859,1.08937097560052
0.696757098259964,1.81595330975231
0.310253399806622,1.20407964793597
0.244124827698026,1.15020422805291
0.53483183914361,1.46620605754774
0.882288922442585,2.9146830294282
0.307683925651447,1.2018431495834
0.213185471246924,1.12736309724103
0.424394056662628,1.31806663079987
0.23814187653977,1.14567898947578
0.591898431402989,1.56536589667832
0.722777003965061,1.8992641627846
0.144430295383084,1.08111601559685
0.11378894051151,1.06226144080932
0.479431308955726,1.38599281141357
0.632119735187288,1.64871942505119
0.33937799658137,1.23033529423265
0.118947285773851,1.06536654126472
0.879785083111005,2.88416976467917
0.856123340278301,2.63636068597321
0.98491951686143,8.14314882925641
0.184935169137819,1.10765349682429
0.174004567695776,1.10030016261721
0.690031943709678,1.79614556386543
0.966850390757672,5.49238273480661
0.474140136072634,1.37900229087035
0.589482728436969,1.5607533763758
0.583674148911904,1.54982731450228
0.409841695179317,1.30171448789488
0.0217968536499302,1.01107988951327
0.518426855368164,1.44101622237592
0.991727636670693,10.9947459710384
0.986623501582077,8.64626971071952
0.165026360048881,1.09436858448309
0.754259647036872,2.01725946165418
0.430798449289889,1.32546102749858
0.683610806886465,1.77782569810138
0.42728466060558,1.32138871157159
0.696999777601622,1.81668038207118
0.00743227879901209,1.00373698307438
0.995939399195969,15.6929594251344
0.112025801511828,1.06120631713322
0.00377731985696272,1.00189402738112
0.426557124850465,1.32055021248861
0.896434905084529,3.10737234463816
0.932430757650446,3.84702913491
0.177275946011096,1.10248554119051
0.344612514280626,1.23523880839152
0.153844028314794,1.0871132476004
0.681595384708784,1.77219016838755
0.328693612425841,1.22050513291542
0.200634659092766,1.11847773431593
0.878345223638544,2.86705099517617
0.152584867240296,1.086305284951
0.175890461461666,1.10155840763204
0.964892343819804,5.33702309004822
0.589768577342995,1.5612970474968
0.904075029545314,3.22874809503429
0.190852999443974,1.11169662122559
0.0604189554154323,1.03165117392701
0.718710439035121,1.88548548049387
0.381194237313954,1.27122617120516
0.959569821404706,4.97332877211449
0.708321541226053,1.85160276969742
0.139479120877967,1.07800132308916
0.283737699559035,1.18158223669175
0.263128510482422,1.16494151711656
0.607538729182744,1.59625252445223
0.190758470644952,1.11163168979801
0.579333935410089,1.54181142918091
0.854404098045937,2.62074897375966
0.622417086759807,1.62739820833667
0.974661516333734,6.28217006602544
0.218673877421706,1.13131573529179
0.176629153894525,1.10205243194612
0.17421790553058,1.10044228273406
0.273445265044692,1.17318318931095
0.984829088101317,8.11884325484572
0.671486815312807,1.74471139608734
0.694490912898984,1.8092056434086
0.230341594612878,1.13985863002559
0.111154033532605,1.0606857811402
0.169520928348358,1.09732596018334
0.659813997615168,1.71451693872515
0.515924437010337,1.43728674486492
0.40582079072584,1.29730255751084
0.277847383560686,1.17675351832234
0.80644795565126,2.27300880777044
0.921856163797254,3.57727754310979
0.109402652581256,1.05964233593877
0.168773078182578,1.09683222012089
0.566872513145756,1.51946999066534
0.614654947938312,1.61092420307799
0.929769296747639,3.77343168105223
0.662432988321419,1.72115506977257
0.0559137197537152,1.02918667997208
0.569501219054209,1.52410201411177
0.752378793714975,2.0095836217273
0.622329433026681,1.6272093455837
0.224410707450869,1.13549204923389
0.913918759189334,3.40836220464461
0.100204785016876,1.05421249739287
0.628763448105815,1.64124960618674
0.514913676060423,1.43578854671056
0.261378317141836,1.16356051100519
0.764282822233265,2.05970196665202
0.924488246101536,3.63908936913271
0.0919318995709754,1.04939934841714
0.766701422997767,2.07035087905666
0.35970180283497,1.24970889355417
0.459334786503941,1.35999022246547
0.181652830433436,1.10542990087188
0.447805559076486,1.34571776278481
0.351184762448163,1.24147929119466
0.927079280663517,3.7031774901957
0.744990209753005,1.9802570721891
0.462681478627372,1.36421900219033
0.972745952084504,6.05737544130254
0.335337927907656,1.22659037204479
0.910344676909588,3.33973463144275
0.9757750886133,6.42493741302156
0.557968090378529,1.50408780212822
0.771900905975433,2.09381458098908
0.669015228226229,1.73818498318732
0.692216208143538,1.80250769366871
0.286121669895267,1.18355351744396
0.723573778363144,1.9019994245517
0.551311658400606,1.4928893069933
0.982611224488913,7.58342680998498
0.964471055780002,5.30528658497895
0.475583250833807,1.38089838911766
0.0800239993749264,1.04258566896339
0.391408167711551,1.28184921048069
0.678653947261294,1.76406066098297
0.818327250533616,2.34614638298311
0.397095615630211,1.28788112695927
0.776160312578978,2.1136421191133
0.413269150297561,1.30551100827446
0.761193072626184,2.04633409173209
0.923840126817682,3.62357198972112
0.835135954842068,2.46284468219806
0.452014725025574,1.35087621686698
0.203009679239191,1.12014301870664
0.358658256505317,1.24869176027761
0.1357547430343,1.07567604621276
0.50248564560942,1.41774195707697
0.760663312608556,2.04406810705821
0.0845713172497204,1.0451719411227
0.959171817491691,4.94902874470758
0.0509431209016713,1.02648800613056
0.380223201548812,1.27022993355823
0.438909480039921,1.33500697413747
0.459426474601094,1.36010555333424
0.977783184750287,6.70902018062629
0.745130804658061,1.98080318697063
0.0175679040104478,1.00890140956515
0.467756504021594,1.37070759276346
0.0419846102707657,1.02167733050335
0.657661476928218,1.70911825806575
0.268152255833777,1.16893303075517
0.916048349876105,3.45132121916849
0.245953590735988,1.15159815894348
0.782552820723599,2.14448548382054
0.77915592029358,2.12792893151269
0.560078496107151,1.50769121512742
0.607194943836398,1.59555384664469
0.575112425906427,1.53413290438912
0.730082066411435,1.9247934396973
0.470474601304277,1.37422106701975
0.637606584264872,1.66115382586901
0.919578402038374,3.52625447982228
0.733607404409057,1.93748757150023
0.931913366760874,3.83238445747846
0.497521345438293,1.41072119468436
0.103181418600766,1.05596056821868
0.742309882148789,1.96993146888296
0.234204838705252,1.14273016317309
0.591059832472056,1.56376005315078
0.541668794659711,1.47710132076834
0.865332697813031,2.72501514322085
0.972636688143023,6.04526954656207
0.0991464569250241,1.053593067861
0.630252101848536,1.64455023088989
0.537544387448836,1.47049980991868
0.234507858314209,1.14295631532245
0.426105708925126,1.32003074864693
0.410936546551834,1.30292362952253
0.206730814524711,1.12276717648136
0.81015536884113,2.29509591586474
0.881646458839581,2.90676131491197
0.620704215862246,1.62371944715207
0.871882495606254,2.79380290621128
0.158269839331542,1.08996751733191
0.511296223841298,1.43046472485814
0.586039586378452,1.55424899025511
0.593908421518308,1.56923508091463
0.417795843678521,1.31057641823053
0.485621765369931,1.39430796472878
0.698463608866684,1.82108464963308
0.102347418004485,1.05546991269545
0.787571079843868,2.16966747824331
0.135821243938339,1.07571743351424
0.573903587775051,1.5319551865191
0.814925382982109,2.32448404897863
0.848738958038565,2.57120353286976
0.876995057758726,2.85127245989887
0.931998064738174,3.83477037635509
0.83727646670435,2.47899024125107
0.854086032690724,2.61789104240095
0.171898230846951,1.09889992505669
0.599902994518757,1.5809471410325
0.927659389851962,3.71799598353281
0.741308502120092,1.96611502583257
0.00289512783960788,1.00145071468423
0.382675256074723,1.27275015188252
0.91736274395382,3.47866058110973
0.275164829234485,1.17457396670736
0.381606046442349,1.27164937668211
0.663948742078186,1.72503232365354
0.687207877585751,1.788018864593
0.958929005249258,4.93437769792633
0.623887565826784,1.63057640762435
0.13628230301192,1.07600450828107
0.750452835349614,2.00181380583693
0.922052848648382,3.58178799025228
0.419380586879801,1.31236374376658
0.239183773425115,1.14646319395166
0.205305744163283,1.12176003432546
0.341548810541116,1.23236174005434
0.993637038870293,12.5363285317627
0.182563505600902,1.10604548834865
0.363277696550398,1.25321322297062
0.866811170235125,2.74009801732967
0.705174688518154,1.841694609601
0.277966455454251,1.17685054462703
0.759039696988204,2.03716989529134
0.724356899233509,1.90469936335166
0.0295577083931927,1.01511476020064
0.9963160108832,16.4755844939152
0.498876089462852,1.41262678743764
0.10147338956035,1.05495644143943
0.164535199979543,1.09404685388951
0.566477538651057,1.51877765208488
0.837630806394234,2.48169372797329
0.576259672424538,1.53620827796176
0.745373906584106,1.9817485382158
0.211539310933753,1.12618561935276
0.912753297111635,3.38552081406991
0.719586465254075,1.88842836037851
0.133586973671944,1.07432953023945
0.575605074169123,1.53502307608643
0.804345286532492,2.26076198880619
0.765772818659105,2.06624280312663
0.908196623790785,3.30043111905349
0.452166499185067,1.35106333019939
0.225084520365883,1.13598561464749
0.99833366686445,24.4973487389004
0.0275819564653892,1.01408298444201
0.647173045467615,1.68352326343224
0.0859182338554128,1.04594169788143
0.573113122028166,1.53053616983677
0.884435560773932,2.9416289560912
0.714898152783825,1.87283701579757
0.321220778750521,1.21376813104145
0.0124452393594927,1.00628131017216
0.792241144271733,2.19391717323461
0.803301069470156,2.25475314147417
0.884815755241287,2.94647974837592
0.870905434110238,2.7832102763729
0.713483160808301,1.86820669573712
0.921622661216903,3.57194483716039
0.617708489138497,1.61734500982326
0.747081693539413,1.98842798820587
0.503370239842326,1.41900403246551
0.152633214182404,1.08633627435871
0.212360995645399,1.12677289873103
0.103368538707669,1.05607074790512
0.0530805887684304,1.02764589154763
0.265026765754147,1.16644492585753
0.799249051817856,2.23188183427345
0.672718205787198,1.7479905334819
0.453012261377354,1.35210744585061
0.538466119395352,1.47196744930702
0.263499825370775,1.16523513933009
0.520939774652501,1.44479071769491
0.553029638678914,1.49575559842344
0.945307507619739,4.27598469935825
0.466176966831843,1.36867818654352
0.697763425106386,1.81897399633228
0.453841416869147,1.35313341355191
0.718450447136633,1.88461472050495
0.0167799425876197,1.00849705719095
0.267205005451093,1.16817727346262
0.760994904929953,2.04548557131737
0.929962998056317,3.77864616737268
0.831411059448553,2.43548500079686
0.680569745100412,1.7693427709069
0.66489759802743,1.72747284651977
0.120435434641957,1.06626741542494
0.265552113854826,1.16686202834737
0.695675510171299,1.81272343212428
0.566749137383604,1.51925362743068
0.763782414837829,2.05751915597632
0.574706032869804,1.533399752749
0.117342804337711,1.06439779690608
0.293289969022577,1.18954088129247
0.936539257519349,3.96960620251673
0.078054736643361,1.04147159922498
0.934841445719198,3.91754758266997
0.593990264083969,1.56939323445415
0.655114862524346,1.70279654527376
0.184726836188218,1.10751196422254
0.414990453334805,1.30743023293167
0.69102982696875,1.79904373801184
0.528234480954301,1.45591795595986
0.425693861513575,1.31955735239399
0.135344030347874,1.07542054212224
0.676663216435851,1.75862176234122
0.361012631642517,1.25099007314116
0.0393447047898194,1.02027256695542
0.794928015242732,2.20824284863497
0.805057707622147,2.26488922480932
0.847523375161821,2.56093387583121
0.734040021429542,1.93906271360754
0.0435431779354244,1.02250941463331
0.406484099128131,1.29802728231984
0.198842131072465,1.1172257804463
0.236087509927902,1.14413743254218
0.905007590344842,3.24455804264863
0.0414466840464,1.02139061501946
0.988875970352357,9.48132276502493
0.0609339487140838,1.03193401911063
0.0986104577611926,1.05327976880802
0.139930680248654,1.07828427570199
0.811419719494803,2.30277688443314
0.804097590475779,2.25933230003591
0.845941098217124,2.54774877342693
0.160396937108498,1.09134733656349
0.73855442883533,1.95573206080606
0.156845375413735,1.08904640768263
0.570549090673181,1.52596030591872
0.445728217004605,1.34319360365976
0.0898896472257685,1.04822128143633
0.100039980287985,1.054115966905
0.0475931952939262,1.0246811692352
0.427316519874292,1.32142546651041
0.872612082284099,2.80179193387664
0.878090572347423,2.86405500086292
0.588115865999144,1.55816149697093
0.0402176908094491,1.0207364644646
0.81536355060537,2.32724057430767
0.875340098708641,2.83228277198684
0.757870605211174,2.0322458331009
0.061692745768258,1.032351190697
0.18749522799722,1.10939713458065
0.801603955924122,2.2450886580077
0.109228497062949,1.0595387450737
0.063376782568935,1.03327885115194
0.27911349577444,1.17778644679207
0.225769313558436,1.13648788308788
0.476568598555989,1.38219753292645
0.548907055144515,1.48890498037845
0.838762048772648,2.49038426928639
0.92786460719094,3.72328087436028
0.0875494881321043,1.04687623348278
0.591718449956654,1.56502083103156
0.328176045967122,1.220034909857
0.372842405403043,1.26273336852711
0.536023964736724,1.46808846129511
0.874342855158658,2.82102156595963
0.334465601905965,1.22578625318939
0.216162323507551,1.12950181370002
0.342995357046861,1.2337176577242
0.472432161643253,1.37676825586722
0.407595093230608,1.29924387011703
0.174966303998595,1.1009412821323
0.179670943685207,1.10409375307714
0.442585668024772,1.33940197366514
0.0649927655692386,1.03417137912011
0.518518788541898,1.44115378835818
0.0865076219053366,1.04627906584866
0.730808163872819,1.92738758683554
0.437167810898854,1.33293980202581
0.569210863965525,1.5235882994764
0.598086018431569,1.5773695134855
0.57257115775068,1.52956552986473
0.42557081505207,1.31941601594804
0.245035879200125,1.15089802217837
0.122098732687485,1.06727702853729
0.418125946884595,1.31094811734163
0.0803818364626494,1.04278849202028
0.716231802473071,1.87723282323517
0.143776978783782,1.08070347949042
0.920096396377289,3.53766591198134
0.493559336312867,1.40519215128911
0.229658101285521,1.13935284249241
0.939666808823914,4.07119450388309
0.399786070608344,1.29076435888183
0.000783291470625169,1.00039187596517
0.342742129569907,1.23347997224264
0.473161889694707,1.3777214127713
0.305744966409853,1.20016368446278
0.67023886427948,1.74140691593076
0.490300240547309,1.40069244341864
0.979623464227024,7.00543042759251
0.403150061421524,1.29439677805239
0.705815629208229,1.8436997718151
0.315349431598793,1.2085524788467
0.128906473984875,1.07143938604183
0.812066308907977,2.30673485666523
0.245000452343017,1.1508710200575
0.694794792414267,1.81010609290989
0.0871287391321384,1.04663494924418
0.312936750809803,1.20642864550911
0.0172006224082119,1.00871287385748
0.390174566932142,1.28055204362162
0.276906556597906,1.17598772393854
0.546072248026353,1.48424854683758
0.178237108400539,1.10313010543951
0.358427646512199,1.24846732208459
0.453238420990903,1.35238705628242
0.268319813558625,1.16906686829147
0.883818639820376,2.93380856204912
0.469615522980237,1.37310768416483
0.829607684007463,2.42256253761881
0.00236326078660409,1.00118372890206
0.717712662622547,1.88215030026375
0.706063489179719,1.84447695168298
0.673518201866348,1.75013082123158
0.270222851005563,1.17059016176046
0.871155478944772,2.78590961520795
0.48144757758873,1.38868475007564
0.602423236585547,1.58595004305464
0.693859475476364,1.80733887024996
0.395603399580498,1.28629029690578
0.0087086382224123,1.00438296723452
0.82823613960203,2.41287100065929
0.675218917984026,1.75470711808284
0.0532323718743424,1.02772826288645
0.635751283676234,1.65691788209814
0.328352038152134,1.22019474250598
0.605625959949348,1.59237679532177
0.251745955379394,1.15604692664737
0.382155979750368,1.27221518842479
0.389052224750072,1.27937528326616
0.641245749871791,1.66955785262325
0.317466770237493,1.21042559891591
0.609177028064555,1.59959470752385
0.917659907714541,3.48493213626386
0.682901618203611,1.7758365368856
0.277072830364273,1.17612295517221
0.833867493708936,2.45342446437202
0.843871448814487,2.53080588213014
0.270202763256061,1.17057405133789
0.812484806645111,2.30930751564412
0.816609201920038,2.33513089468883
0.636368241487671,1.65832289578705
0.52636781121081,1.45304610613041
0.0288578326416882,1.01474891147275
0.780907384653578,2.13641751691847
0.115993423172416,1.06358511807917
0.420466030425137,1.31359217078497
0.539855922852788,1.4741887134233
0.807996779812931,2.28215818505938
4.62104028539079e-05,1.00002310600223
0.548018817919102,1.48744125659104
0.0509560536104323,1.02649500012976
0.263889971830062,1.16554389218294
0.970164900755915,5.7894359900257
0.00785466638908783,1.00395062159923
0.409007531155887,1.30079550256135
0.93027713905139,3.78714907156007
0.0925807784519703,1.04977448450174
0.94866234502222,4.41348837032164
0.0375563690746072,1.01932423181289
0.393902345367637,1.28448399812099
0.272876460218282,1.1727242282273
0.185375173364081,1.10795259550779
0.900219877352164,3.16575997002342
0.798565309669139,2.22809070758916
0.35049242148021,1.24081743891041
0.54526341734677,1.48292795804983
0.107392324450595,1.05844840178889
0.267856324445072,1.16869676637893
0.619238845958346,1.62059197045309
0.992304679005245,11.3995217061758
0.543090127257449,1.47939698365402
0.279124377613138,1.17779533628241
0.736382497618826,1.9476588090638
0.957052010530412,4.82534734740838
0.988621434879333,9.37467564155926
0.445194369112483,1.34254722084506
0.919358914144841,3.5214523524506
0.0425292055349388,1.02196784669626
0.494354609012741,1.40629675138962
0.470224333912467,1.37389643588688
0.600285333824032,1.58170307245822
0.448490080993019,1.34655264137232
0.402070910677346,1.29322817787564
0.142781391361936,1.08007572400098
0.797511401298825,2.22228478343095
0.632154867443121,1.64879815634942
0.9168877013931,3.46870489504401
0.552432539036824,1.49475752183674
0.0520724240870154,1.02709927177738
0.783877512139413,2.15104760003097
0.160985345464177,1.09172995523411
0.473030640597364,1.37754983168293
0.785444783739424,2.1588897342776
0.11055457055927,1.06032828364659
0.363609784947673,1.25354016332997
0.300121333709585,1.19533220960336
0.578299835298881,1.53991984109301
0.930567978937537,3.79507267037511
0.250913808615498,1.15540463205168
0.180511998536046,1.10466018313277
0.41419462484343,1.30654184585295
0.45213192294924,1.35102069637626
0.517954147903694,1.44030949893927
0.451621555832335,1.35039186326817
0.738475418406377,1.95543661075544
0.505495323861341,1.42204977720295
0.557106467320394,1.5026240331277
0.282596480760858,1.18064205413447
0.0914834813584314,1.04914033944496
0.705785555181254,1.84360553970881
0.00229003914799553,1.00114698993927
0.144017776097804,1.08085547575214
0.921948040735246,3.57938237587599
0.781322873581105,2.13844616206664
0.263885266826082,1.16554016728981
0.953200721585292,4.62253727161796
0.638529879380276,1.66327399705093
0.483058843366442,1.39084727799297
0.348165769524268,1.23860097730216
0.73366813324003,1.9377084512811
0.810365409152035,2.29636659450947
0.880664372336506,2.89477583891939
0.520589912537522,1.44426343447282
0.635848498183734,1.65713903415463
0.152602727631816,1.08631673279023
0.0443459226604003,1.02293877592664
0.889227513456146,3.00458190725978
0.659358090349406,1.71336921963684
0.782977056865058,2.14658047908818
0.427204331170081,1.32129605188784
0.494643258653445,1.40669831831354
0.0375424665373014,1.01931686980271
0.976786259380938,6.56337829101616
0.260961458085324,1.16323230812664
0.51137012073903,1.43057288740988
0.978896132116745,6.88365300901757
0.460001665502071,1.36082973345962
0.203978588170841,1.12082452456896
0.77741045056629,2.119569272071
0.359309002095332,1.24932574329787
0.0443189099585828,1.02292431894111
0.534045143119907,1.46496779837852
0.659706382106403,1.71424581521203
0.513046302660597,1.43303291643063
0.292820636234744,1.18914608527084
0.0453981503741581,1.02350239733727
0.688300963010448,1.79115128821842
0.354520523984686,1.24468306636686
0.863162628419172,2.70332112526011
0.475708427136307,1.3810632262495
0.815197367762968,2.32619395924272
0.161308531627754,1.09194028170408
0.830122004142849,2.42622702353058
0.392886242611358,1.28340865245914
0.0477498945037781,1.02476547488327
0.823214569857239,2.37835547137661
0.405828447123069,1.29731091589796
0.86016814315472,2.6742188001136
0.848570493078765,2.56977290601443
0.628954890016094,1.64167295557636
0.637314852858145,1.66048560408424
0.907864348757995,3.29447445970421
0.944409369192165,4.24130201573627
0.762674506240172,2.05271097090275
0.691082288854979,1.79919649264158
0.870396581255137,2.77774114071902
0.240328886083884,1.14732694612784
0.113862596492428,1.06230558762126
0.411844072745395,1.30392844941195
0.0643734982562876,1.03382907664375
0.60145639862645,1.58402517488412
0.575879282291369,1.5355192175925
0.750637873457336,2.00255638682473
0.510305964814388,1.42901765040297
0.3972999851964,1.28809946227709
0.864588501856501,2.71751674292772
0.462941271709455,1.36454892123865
0.411827866944854,1.30391048583569
0.119543351165427,1.06572710454967
0.426258659769931,1.3202066871317
0.8365853448914,2.47374254927611
0.471443707219273,1.37548030458336
0.0947591771527985,1.0510368299439
0.438131971174571,1.33408296792935
0.930953387842038,3.80564972365748
0.944800873086568,4.25631631454824
0.213312392158404,1.12745403561332
0.772392707498523,2.09607546098236
0.421586136281884,1.31486344965381
0.194748007589229,1.11438201903971
0.750580943538479,2.00232783195726
0.846679385429734,2.55387551448664
0.9396740696278,4.07143950014991
0.998807558415124,28.9588588072833
0.607120109300785,1.59540188134896
0.787240324744647,2.167980345323
0.114931947381997,1.06294713970483
0.214474397703596,1.12828763269422
0.460585556839261,1.3615660520695
0.994408038114781,13.372662952764
0.958716545910739,4.92166428854459
0.21297138586703,1.12720975569294
0.343850026240277,1.23452088669758
0.554741885211682,1.49862881374068
0.192424000496479,1.112777403728
0.446842805449718,1.34454616193012
0.237846684047998,1.14545709935084
0.0852971848669517,1.04558655995004
0.260770562732719,1.16308210443618
0.326644207898731,1.21864637198835
0.424683492688315,1.31839814223116
0.595247919445239,1.5718295714887
0.896991808454301,3.11576086915115
0.228996153828742,1.13886364022184
0.702219944992433,1.83253465828286
0.303622532277486,1.1983333464962
0.567925513901017,1.5213204000864
0.189225145048133,1.11058004151676
0.79861820966475,2.22838333148793
0.844420619048383,2.53526861661568
0.768817993628769,2.07980676127302
0.0498547214855968,1.02589991233905
0.262254376350209,1.16425115926719
0.243959099053693,1.15007815535322
0.0188615712478116,1.00956632733391
0.417612668776167,1.31037029803004
0.288906422550787,1.18586874246532
0.0358728307989722,1.01843388186169
0.198359141651688,1.1168891649095
0.713469240702232,1.86816131500508
0.118153643834531,1.06488703035854
0.90882856721698,3.31184963025591
0.529487138292606,1.45785472986034
0.0874110762560987,1.04679684089193
0.752078517393622,2.00836627420918
0.271871547935785,1.17191469257863
0.0415062507892779,1.02142235229837
0.16860362949048,1.09672044055179
0.392387878492891,1.28288221790984
0.587424371964983,1.55685517741196
0.445701702218783,1.3431614775313
0.115839341162529,1.06349243895381
0.299232915925993,1.19457426077068
0.965201512069007,5.36067913690205
0.341137059936105,1.23197660305256
0.254755287530729,1.15837866022492
0.281917170285872,1.18008347492144
0.280751629078741,1.17912692524503
0.583233907598902,1.5490085359332
0.690870329948972,1.7985795652644
0.790213659396425,2.18328985260948
0.384045220084052,1.2741647471772
0.897649849127644,3.12576091514957
0.819492068403215,2.35370405269669
0.322704791069456,1.21509713886747
0.495059826164908,1.40727845041732
0.683131365905867,1.77648021125423
0.407048902681528,1.2986453399689
0.833261776499258,2.44896407885065
0.693985912962239,1.80771220565052
0.503247736731415,1.41882905276269
0.385614941143417,1.27579142031226
0.254107808296064,1.15787577993315
0.843528485009433,2.52803077332765
0.557157707228434,1.50271096259612
0.569629368345657,1.52432890930592
0.782508248083358,2.14426572772189
0.448027406581659,1.34598816945028
0.656104509736181,1.70524490133978
0.396334414819264,1.28706888470167
0.579581220996522,1.54226480057464
0.310116880897206,1.20396050617936
0.733498949570049,1.93709329296889
0.245488818424531,1.15124341709136
0.897511182489888,3.12364563332557
0.387666965112954,1.27792732087528
0.402328846672764,1.29350720599477
0.0228679442081181,1.01163388910126
0.854306343645921,2.61986961930618
0.743837794575128,1.97579768925819
0.483567434898905,1.39153197443136
0.0852173786863986,1.04554095015824
0.275508190033017,1.17485226859862
0.0586432978793201,1.03067772579587
0.328289540669352,1.22013797632587
0.658802323969224,1.71197322377004
0.934934968797866,3.92036207104752
0.997935371996373,22.0079247886077
0.0859535272905456,1.04596189079297
0.0351119097492187,1.01803222874273
0.57429872324174,1.53266600119026
0.651493989229843,1.69392767530218
0.303862888635802,1.19854020386446
0.307496583646919,1.20168057209333
0.470893248198426,1.37476462427247
0.379001155475411,1.26897949328738
0.233575952841657,1.14226123586756
0.120574718459955,1.0663518500664
0.149884019610394,1.08457829760923
0.967771459622657,5.5703140566063
0.968671736694405,5.64978394121559
0.207380740771532,1.12322740143998
0.461380030038203,1.36256984806639
0.456700778488824,1.35668948378208
0.507128010400927,1.42440316915008
0.442686479320796,1.33952310902093
0.476904813130878,1.38264165888936
0.302987225400014,1.19778709899454
0.190298953690149,1.11131621156973
0.375423266208732,1.26533959702824
0.439144322337618,1.3352864429078
0.720245428483321,1.8906511532094
0.806239888985014,2.27178806012774
0.512507409886403,1.43224063298217
0.247717687596987,1.15294761318216
0.355906667302908,1.24602167815876
0.872764443015408,2.80346896253004
0.165133834567466,1.0944390226902
0.151225493351067,1.08543503804738
0.756343202319262,2.02586608487573
0.881636978461824,2.90664490293303
0.913131388877066,3.39288047897788
0.230585653508638,1.14003939776315
0.208832044064409,1.12425714280083
0.952458645381018,4.58631863324532
0.475651368054922,1.38098808126186
0.117783637501646,1.06466369723786
0.491637739217989,1.40253384058884
0.820750569475381,2.36195221834134
0.966562630694213,5.46869810371723
0.856375710975327,2.63867592167549
0.358819415481896,1.24884867803794
0.247852936108137,1.15305126806984
0.121268918800189,1.06677297758105
0.777838088648217,2.12160826418888
0.524857563594806,1.45073500338823
0.468644302154842,1.37185221562349
0.704300611286505,1.83897060210398
0.363988280672439,1.2539131038046
0.177608476243108,1.10270841114384
0.761880152387802,2.04928424894791
0.258327872032663,1.1611652244322
0.497590836721285,1.41081875404761
0.283418375900127,1.18131893855949
0.520608850627513,1.44429196161689
0.633731282336926,1.65234254757007
0.504793021917894,1.42104104478451
0.410552446070429,1.30249904963925
0.209607191078347,1.12480829344281
0.818767507936476,2.34899433195327
0.287460785040811,1.18466515484696
0.234772100510167,1.14315363642039
0.306524501805496,1.20083804664592
0.944455539125279,4.24306438728026
0.239918348537841,1.14701705546838
0.725703643972209,1.90936950004809
0.297195043612193,1.19284109351035
0.272486712653332,1.17241005689035
0.289161257438251,1.18608128972086
0.983674998371112,7.82660441148399
0.689316489576043,1.7940762547459
0.488901845833332,1.39877494232533
0.783568632016716,2.14951211772665
0.457307539154512,1.3574476994477
0.665765916551003,1.72971532235585
0.881770178195588,2.90828177989101
0.519712449827904,1.44294353074635
0.225729979625986,1.13645901518379
0.276647831691723,1.17577739449042
0.283251841411294,1.18118169246266
0.628702946562126,1.6411158828253
0.626989901726799,1.63734314281733
0.241618525899586,1.14830205565973
0.750751507392627,2.00301282375257
0.866661180030343,2.73855644261827
0.202072832048694,1.11948524498403
0.819030376866002,2.35069973849321
0.369952513186007,1.25983409703066
0.64650043312018,1.6819208602117
0.287626662111775,1.18480307224049
0.282516811257553,1.18057650292798
0.990583547474867,10.305197972933
0.795664373063531,2.21221815780501
0.497679489531389,1.41094324381713
0.902946758585343,3.20992568327938
0.924290326274518,3.63432961231207
0.0836922430013088,1.04467046975582
0.569705164331973,1.52446315786766
0.433243225425163,1.32831672206006
0.914136237102155,3.41267586798051
0.740303042986899,1.96230526720444
0.827105232936461,2.40496674547445
0.809098966916299,2.28873684270459
0.331626791678754,1.22318031587377
0.746035439655903,1.98432791303139
0.214222665140652,1.12810688843223
0.273082291254646,1.17289024836653
0.679178222341301,1.76550145393533
0.615634851749542,1.61297634797339
0.458385118497649,1.35879739533807
0.133903703285641,1.07452595232028
0.874595100780274,2.82385731189278
0.972570656714791,6.0379886885112
0.2447390011593,1.15067180241217
0.677102357385497,1.75981721924619
0.505281891217151,1.42174299180206
0.536043887789879,1.46811998204642
0.840388453379439,2.50304032920838
0.882205829974638,2.91365483367223
0.0489497845306748,1.02541171746091
0.173650274796762,1.10006426350835
0.340881272115739,1.23173752989648
0.0685521133818088,1.03614543792566
0.960477134081111,5.03009034544107
0.907846754465644,3.29415994710404
0.758059995630065,2.03304109760793
0.990200440785818,10.1017526271221
0.707607982243136,1.84934204645394
0.233886964894385,1.1424930691269
0.357429675577405,1.24749745295762
0.475003082078147,1.3801351698187
0.448963856381367,1.34713139327293
0.839939266296888,2.49952565298165
0.360471942799821,1.25046113669145
0.528729704470554,1.45668271400105
0.271469713585737,1.17159145239146
0.656470157296391,1.70615217740829
0.00819863312025559,1.0041246966155
0.770098549230936,2.08559100015837
0.0139014726853507,1.00702405531014
0.736434623122359,1.94785139444485
0.785398822751475,2.15865853792624
0.41276156264054,1.30494666806036
0.986257878200878,8.53047281450051
0.766153109481392,2.06792222244401
0.337450515995408,1.22854435279301
0.627566581321903,1.63861029166219
0.989501407812829,9.75965502606308
0.668171319310687,1.73597329427118
0.897469486737716,3.12301042730691
0.90781174572891,3.29353440467446
0.892732175769608,3.05327037677777
0.412006301074894,1.3041083148985
0.927361792403622,3.71037188476438
0.481530815585907,1.38879621928319
0.0751873729415233,1.03985581452857
0.705100542762861,1.84146306895399
0.809137328381427,2.28896683761817
0.930921051491808,3.80475889345698
0.906606509665696,3.27221398815717
0.471438826749031,1.37547395431917
0.370761854925939,1.26064405163083
0.389779433458348,1.28013738133239
0.0673073625531463,1.0354537987706
0.159609953497969,1.09083622054188
0.213211837483808,1.12738198674323
0.226182993930895,1.13679162409488
0.877930214377659,2.86217318803629
0.914235525204432,3.41465069556118
0.542354895802999,1.47820814059736
0.727669926867901,1.91625013587869
0.974276972469326,6.23503590475675
0.493420882960597,1.40500011133663
0.160123604725053,1.09116973611877
0.113449095051134,1.06205782061707
0.0645531356405527,1.03392833692415
0.1068945572217,1.05815340058643
0.944146229030185,4.23129933832681
0.244074024510143,1.15016557676613
0.621670803314933,1.62579233193719
0.613347324581575,1.60819789824751
0.915604195864499,3.44222751867957
0.0878395738985687,1.04704268433139
0.47036975831939,1.37408504328268
0.465385842277225,1.36766512339974
0.508975964198901,1.42708100070578
0.68857986434283,1.79195316745812
0.254001854738862,1.1577935508989
0.914301262694112,3.41596009370341
0.138591214706661,1.07744559924311
0.420699350791544,1.31385667674816
0.460658277262525,1.36165784018649
0.626859303817467,1.63705658561917
0.954977397434024,4.71286177017243
0.414325272423332,1.30668756411928
0.552437336756242,1.49476553346121
0.161873050556199,1.09230795702808
0.83220063920007,2.44120836219489
0.441426269934516,1.33801119330834
0.299096953908291,1.19445839267387
0.233950038383714,1.14254010231323
0.505656857425965,1.42228209559449
0.0469552365812707,1.02433815611708
0.0173520596341172,1.00879059792739
0.607239477030549,1.59564430010302
0.231277279789054,1.14055213396596
0.465860167447091,1.36827224348163
0.405427634912146,1.29687357155752
0.557809186958078,1.50381752720945
0.49182218793781,1.40278835002965
0.829640768431993,2.42279776172662
0.730611776316532,1.92668491330407
0.317263180726989,1.21024511331584
0.996503664455719,16.9119407070826
0.851028347038012,2.5908852685954
0.0230807256948166,1.01174405441821
0.656344027611819,1.70583905003324
0.964966088490034,5.34263722351834
0.627811171366763,1.6391486231615
0.65088409415172,1.69244740795292
0.756712424548252,2.02740276674102
0.175622199701788,1.10137916333344
0.271445896979396,1.1715723024338
0.0204854659528109,1.01040283890891
0.139161324816315,1.07780232169165
0.280672511754506,1.17906207861112
0.413573277173783,1.30584949005346
0.88621288797135,2.96451370556599
0.385172051426914,1.27533183101269
0.547655841285724,1.48684434960921
0.801020201673753,2.24179299006997
0.97919942924334,6.93365732291284
0.843690231829997,2.52933841781569
0.892730394361504,3.05324502410147
0.732512265483247,1.93351730668197
0.357572064199917,1.2476356938346
0.0717489304317579,1.03792810240818
0.175009228933981,1.1009699231913
0.177389605631803,1.10256170346682
0.160276347204642,1.09126897138041
0.575167001677222,1.53423144169354
0.207351004563777,1.12320633231808
0.963105627674846,5.20618907997945
0.801353622604817,2.24367358646479
0.913607468964538,3.40221614495889
0.286489153529246,1.18385826443008
0.869706178820114,2.77037200208897
0.286634962803255,1.18397924645566
0.666221894879583,1.73089641168712
0.827127164199808,2.40511929195776
0.926580958518986,3.69058867608048
0.855641305185312,2.63195540575195
0.435438482116652,1.33089674825556
0.877729105447836,2.8598183943162
0.941008723960267,4.11723925439977
0.248489536557495,1.15353953643605
0.361156869012934,1.25113128882158
0.962734995660427,5.18023440458728
0.160626394021568,1.09149649545862
0.846695196964511,2.55400721176413
0.0159038115960326,1.00804802980707
0.585316816692759,1.55289391484249
0.836986718600015,2.47678611966373
0.137152089032386,1.07654669997638
0.884620491513512,2.94398543957634
0.349631964974611,1.23999634781001
0.911251852437706,3.35676046542397
0.591007791464314,1.56366056196705
0.902133201303337,3.19655593825039
0.396113369512822,1.28683330523947
0.310614088225653,1.20439459547526
0.475706853091972,1.38106115311886
0.630180077520366,1.64439008079257
0.886687578866267,2.97071671901986
0.819927263802982,2.35654652362228
0.358939585849679,1.24896572439521
0.531417981871991,1.46085526715153
0.816841619573971,2.33661199967568
0.368981234884987,1.25886414112842
0.632587129557791,1.64976777871589
0.458586960731532,1.35905065590331
0.341901163742882,1.23269160577821
0.267458649499239,1.1683794979296
0.143495952096067,1.08052617067543
0.352349569097263,1.24259519697412
0.471483610588149,1.37553222848121
0.601192583555467,1.58350116400928
0.447993729118173,1.34594710999025
0.979605474994907,7.00234013458152
0.273102474685243,1.17290653180661
0.0785712838357776,1.04176347956618
0.495572604232411,1.40799355652724
0.644586112218932,1.67738518561122
0.508173279112718,1.42591599243591
0.00569417409229045,1.0028593038876
0.884122696682125,2.93765513162745
0.330654917955965,1.22229197839893
0.759655925513688,2.03977981726263
0.634850961892782,1.65487394965799
0.352127262747891,1.24238199113396
0.920437311100683,3.54523700619188
0.0607730183701622,1.03184560778185
0.636679362248571,1.65903277601673
0.506190327788915,1.42305014508595
0.0429496902016603,1.02219232529227
0.0902034410022174,1.04840203445966
0.305601430104395,1.20003963757403
0.350234969680292,1.24057159439908
0.413188493237634,1.30542128414927
0.390110500431031,1.28048478336906
0.729275822741176,1.92192518895648
0.636645635069666,1.65895577708792
0.0221626427620162,1.01126898406523
0.800345641099835,2.23800267801893
0.8757633326006,2.83710300304452
0.968468989075633,5.63159030359031
0.0451210118619704,1.02335385887349
0.889545131476869,3.00889871246627
0.0559130015396081,1.02918628849516
0.306196726801238,1.20055435585782
0.436838901431028,1.33255049907671
0.848760812414363,2.57138929827665
0.640032470285259,1.6667418344489
0.334909101303005,1.22619487768568
0.608419088130348,1.59804587825934
0.127668129666928,1.07067861933495
0.435078678067255,1.33047285001251
0.144152805445937,1.08094073714873
0.522570682392068,1.44725633029714
0.724354971212777,1.90469270205561
0.635280187522851,1.65584744414126
0.830278890039009,2.42734813591876
0.177171364247663,1.10241547584461
0.623940185706115,1.63069048220685
0.505501309324907,1.42205838349608
0.238836658854296,1.14620175239354
0.637522249525236,1.66096057107649
0.137983312954089,1.07706562018164
0.429418745219919,1.32385753035933
0.931793284434084,3.82900939117329
0.780450976351819,2.13419572161913
0.0571131375000706,1.02984107049244
0.686661486640273,1.78645923571601
0.682295772684494,1.77414251471222
0.373107682341385,1.26300051058879
0.390184424443437,1.28056239347634
0.221193701836618,1.1331444408824
0.0177127547025722,1.00897579446682
0.41182565551361,1.30390803459727
0.540887554102483,1.47584404404221
0.845294915094575,2.54242239722261
0.0462002735155312,1.02393267761663
0.708446987507868,1.85200107068027
0.916390463255412,3.45837506634503
0.536317624277915,1.46855327295192
0.240420324335076,1.1473960016962
0.251537225713319,1.1558857174844
0.259863543740933,1.1623692217326
0.371018823138688,1.2609015413466
0.783601373868161,2.14967472583962
0.981272331010838,7.30732019237942
0.893076539859893,3.05818319691515
0.284163498183456,1.1819336027476
0.0337658926460032,1.01732289425763
0.619811589592026,1.6218122002136
0.00172744485287091,1.0008648430644
0.48654158564702,1.39555630231212
0.502863206160287,1.41828022123943
0.571124199885773,1.52698309599021
0.57702563603501,1.53759860738736
0.0270281788113038,1.01379435510375
0.978333016427338,6.79361252189837
0.0630480077107602,1.0330975473513
0.843725955926464,2.52962750346265
0.151800079268435,1.08580262243716
0.648353840328874,1.68634745128101
0.150516776323175,1.0849821587039
0.555383792827142,1.49971023438155
0.639038041273789,1.66444436304135
0.257385485734625,1.16042822457847
0.772822381396836,2.0980567377244
0.0396631243554706,1.02044169917901
0.974268848127278,6.23405150336365
0.814684541923435,2.32297307623968
0.44571285686939,1.3431749925675
0.459270899039013,1.35990987826534
0.519686488070633,1.44290453345084
0.616926620258894,1.61569363216584
0.0181210108779628,1.00918553405498
0.944521221181102,4.24557535417188
0.00401223136081097,1.00201217268574
0.838600820059979,2.489140081508
0.526044543793726,1.45255048720898
0.799989386240536,2.23600864714208
0.510661362387248,1.42953649071614
0.00647404139542151,1.00325282343158
0.848967819034641,2.57315088424168
0.478706899242177,1.38502946113569
0.244316132456599,1.15034980851808
0.617537023715089,1.61698242592248
0.565135446693787,1.51643219258072
0.18828510290252,1.10993677718577
0.250780763236785,1.15530203987017
0.121003372313889,1.06661182837702
0.144787056369687,1.08134149148734
0.243717363246311,1.14989433697802
0.407580930821244,1.29922834011936
0.994568122612209,13.5682869871628
0.697902943058785,1.81939397763882
0.858765086871765,2.66090252986163
0.827130959295336,2.4051456923107
0.978690049587914,6.8502872104394
0.204443664931556,1.12115208985621
0.942394286343549,4.1664600249056
0.609984120336535,1.60124893928747
0.507460790347695,1.42488428086958
0.17996805954249,1.10429375385563
0.425111033351275,1.31888829258048
0.895330922559655,3.09094161594714
0.420881505684692,1.31406328956456
0.0814828717259445,1.04341330510157
0.974025166285857,6.20474034625486
0.442678680043257,1.33951373619714
0.472337387726548,1.37664460907429
0.784888765762436,2.15609778760093
0.973912911781054,6.19137624543861
0.460019081623396,1.3608516788505
0.451588766168699,1.35035149250794
0.588234416749516,1.55838578468267
0.95257790674288,4.5920820560254
0.799787789600732,2.23488262850837
0.464843843027899,1.36697237115938
0.61100157740844,1.6033416702934
0.473662537889639,1.37837649610081
0.0101118903626379,1.00509461504645
0.432201623212473,1.32709779223845
0.478356713902641,1.38456448971575
0.0149478248618905,1.00755875903891
0.91039075736306,3.34059322985295
0.194137694109296,1.11395995488361
0.864651381723057,2.71814791763252
0.715365808020163,1.87437492410947
0.148251063026177,1.08353813255889
0.504301627212475,1.42033651837578
0.357107940316364,1.24718525891133
0.184024574881173,1.10703527694057
0.78842032310804,2.17401744766636
0.109884828739292,1.05992930166651
0.709457824226321,1.85521995827821
0.00845856312921656,1.00425630232993
0.245433099791239,1.15120091132151
0.584575373148223,1.55150750525599
0.974883868158862,6.30991665601647
0.305071330072531,1.19958184784829
0.171768022533051,1.0988135413294
0.558163379257711,1.50442016386284
0.527810561149177,1.4552642659442
0.238181861452273,1.1457090552295
0.314276194872531,1.20760634659421
0.679173117523012,1.76548740804259
0.302768329853198,1.19759906189362
0.447189534910851,1.34496775370338
0.828291811278051,2.4132621226183
0.346062184032158,1.23660720839668
0.399409788340666,1.29035995016154
0.96012455278959,5.00780277641457
0.00231342204686136,1.00115872187101
0.189888225026701,1.11103445582549
0.865707094568148,2.72881105012654
0.260018132611538,1.16249063008694
0.955633556058997,4.74758435187442
0.559724829783896,1.50708554080195
0.680595617825465,1.76941443052492
0.0292417763990076,1.01494956287323
0.0819091786739712,1.04365552662635
0.407129204452737,1.29873328492319
0.883202137616024,2.92605545563806
0.759477744344094,2.03902413315894
0.0823882331438937,1.04392791993366
0.524675200527724,1.45045668226422
0.739928331207471,1.96089111096844
0.318425735006614,1.21127682493792
0.0720749540343695,1.03811042281375
0.94012248221331,4.0866562247115
0.4778533066327,1.38389689197361
0.158022130465914,1.08980717197842
0.910890053030408,3.34993906538662
0.0657629250150011,1.03459756257862
0.163694974212361,1.0934971278124
0.947026809804798,4.3448214705546
0.854159589432193,2.61855114497271
0.278308432880932,1.17712934008061
0.70617844784042,1.84483774527071
0.730840387371913,1.92750295576629
0.564307635332495,1.51499090425373
0.561825689824779,1.5106941386483
0.260835238933659,1.16313298760218
0.0142373258362579,1.00719558919362
0.886216696792806,2.96456332272685
0.45031521922585,1.3487862924778
0.77230807691324,2.09568588067272
0.607089212472342,1.59533915231622
0.744208527229497,1.9772289869781
0.912228328057796,3.37538110083105
0.310602163555195,1.20438417908722
0.594002639973231,1.56941715393095
0.906900477361772,3.27737602895666
0.822702407149417,2.37491778809493
0.564618520885804,1.5155316998093
0.924126226380259,3.63039731861065
0.297337882190054,1.19296232892563
0.372468328592884,1.26235694952915
0.424513587968882,1.31820350809417
0.268499822587213,1.16921070260134
0.761188394289006,2.04631404771514
0.271966085195529,1.17199077832483
0.313408441130681,1.20684298428487
0.577796555117651,1.53900175024906
0.403713300954389,1.29500796337359
0.715602249748334,1.87515391826761
0.432140170434677,1.32702598221773
0.532020710462672,1.46179571038398
0.251681729752578,1.1559973157835
0.462150595328909,1.36354556099946
0.234035599833285,1.14260391380205
0.634663052101335,1.65444830558199
0.125490808775341,1.06934492050165
0.491927929129554,1.4029343182922
0.0553234068672062,1.028865068796
0.405118807740326,1.29653689778444
0.215368505216021,1.12893030586476
0.766372783945963,2.06889420460412
0.0531076044149817,1.02766055124936
0.863885863880028,2.71049358912632
0.796277864195787,2.21554660318653
0.584849127031706,1.55201895932936
0.217643705523291,1.13057065687112
0.617358559655218,1.6166053014483
0.770209273598965,2.08609340932421
0.530695597101469,1.45973051102287
0.429311125490761,1.32373269885068
0.938300162685551,4.02585371866801
0.552649147496438,1.49511936080334
0.11854253767366,1.06512191539584
0.144356370972299,1.08106931239705
0.989009850864334,9.5388980487061
0.74114651871736,1.96549975915784
0.499699632906503,1.41378897044637
0.00436965475062001,1.00219201375441
0.566846821638812,1.51942492802394
0.611666167782054,1.60471305470764
0.423552605183561,1.31710427572516
0.407091968124746,1.2986925021919
0.0372094921660642,1.01914059275102
0.627003520230656,1.63737303312673
0.762401007412828,2.05152919885383
0.767616859626701,2.07442478080307
0.601962987176117,1.58503286239787
0.837303406528849,2.47919547233882
0.144538165308269,1.08118417540417
0.592344285982259,1.56622168601552
0.962832183393712,5.1870027138668
0.0631464667575447,1.03315183285259
0.0848293167278138,1.04531925507087
0.429042615780077,1.32342139988851
0.494684516044357,1.40675574334768
0.738809852112127,1.95668810265471
0.256585078299722,1.15980336120036
0.880379199318968,2.89132324311784
0.605202114429096,1.59152179705788
0.484243974431795,1.39244434173314
0.841906311558124,2.51502747622824
0.203238773432333,1.12030404550406
0.598986031291909,1.57913860048
0.579289036660835,1.54172915505706
0.724746100084115,1.90604548188057
0.826497278967644,2.40074954321259
0.792153124026749,2.19345257742281
0.826843780279024,2.40315040159339
0.489824133769895,1.40003871313799
0.43017100712241,1.32473108991179
0.564855985883138,1.51594516826334
0.156518419680139,1.08883531565189
0.389751290917122,1.28010786325734
0.793589270045075,2.20107005390628
0.890975535651475,3.0285728113068
0.291984039141774,1.18844332554272
0.778046087702194,2.12260213982933
0.411178706556916,1.30319152367223
0.92881263656458,3.74799105616366
0.733235521851106,1.936136624921
0.659844091113885,1.71459277846632
0.391197068271411,1.28162695373902
0.555296233600298,1.49956258560627
0.734776709269556,1.94175382974089
0.504736532967341,1.42096000165117
0.610545760469165,1.60240312067113
0.535638551887354,1.4674790894216
0.422720566453719,1.3161547555568
0.916008528979035,3.45050297537013
0.178587857136771,1.10336560244185
0.905444501825571,3.25204544900938
0.365556794545676,1.25546215183642
0.177609744373677,1.10270926133492
0.145858444675695,1.08201946667075
0.281573322339168,1.17980103980622
0.742893049383831,1.97216429222599
0.511473265051668,1.43072390030123
0.63351707149867,1.65185957634404
0.647479133678955,1.68425399296359
0.437644883184476,1.33350507991546
0.671488313975897,1.74471537575032
0.377552799032315,1.26750225551616
0.121685548740767,1.06702596036403
0.510159249622028,1.42880362747747
0.5889214606284,1.5596875218487
0.747461549630276,1.98992287476128
0.513240082902569,1.43331813489608
